t,running,waiting,kv_usage
1791295280,0.0,0.0,0.0
1791295282,0.0,0.0,0.0
1791295284,0.0,0.0,0.0
1791295286,0.0,0.0,0.0
1791295288,74.0,22.0,0.9914880201765448
1791295290,74.0,21.0,0.9914880201765448
1791295292,74.0,21.0,0.9914880201765448
1791295294,74.0,21.0,0.9922761664564943
1791295296,73.0,22.0,0.987547288776797
1791295298,72.0,23.0,0.9820302648171501
1791295300,71.0,24.0,0.9780895334174022
1791295302,71.0,24.0,0.9796658259773013
1791295304,70.0,24.0,0.9631147540983607
1791295306,71.0,24.0,0.9725725094577553
1791295308,73.0,23.0,0.9922761664564943
1791295310,72.0,23.0,0.9828184110970997
1791295312,73.0,23.0,0.9938524590163934
1791295314,73.0,23.0,0.9914880201765448
1791295316,72.0,23.0,0.9788776796973518
1791295318,72.0,23.0,0.9836065573770492
1791295320,71.0,24.0,0.974936948297604
1791295322,72.0,24.0,0.9891235813366961
1791295324,71.0,23.0,0.9796658259773013
1791295326,73.0,23.0,0.9985813366960908
1791295328,73.0,22.0,0.9970050441361917
1791295330,72.0,23.0,0.987547288776797
1791295332,73.0,23.0,0.9930643127364439
1791295334,72.0,23.0,0.9757250945775536
1791295336,72.0,23.0,0.9733606557377049
1791295338,73.0,23.0,0.9938524590163934
1791295340,73.0,23.0,0.9962168978562421
1791295342,73.0,23.0,0.9977931904161412
1791295344,73.0,23.0,0.9970050441361917
1791295346,73.0,23.0,0.9962168978562421
1791295348,69.0,24.0,0.9457755359394704
1791295350,72.0,24.0,0.9891235813366961
1791295352,72.0,24.0,0.9883354350567465
1791295354,73.0,22.0,0.9993694829760403
1791295356,73.0,22.0,0.9962168978562421
1791295358,72.0,22.0,0.9836065573770492
1791295360,72.0,23.0,0.9773013871374527
1791295362,72.0,23.0,0.9796658259773013
1791295364,72.0,23.0,0.9812421185372004
1791295366,73.0,23.0,0.9883354350567465
1791295368,71.0,23.0,0.960750315258512
1791295370,72.0,23.0,0.980453972257251
1791295373,72.0,23.0,0.9812421185372004
1791295375,72.0,23.0,0.9820302648171501
1791295377,72.0,23.0,0.9906998738965952
1791295379,72.0,24.0,0.9891235813366961
1791295381,71.0,24.0,0.9733606557377049
1791295383,72.0,21.0,0.9820302648171501
1791295385,72.0,23.0,0.9796658259773013
1791295387,72.0,22.0,0.9780895334174022
1791295389,73.0,23.0,0.9922761664564943
1791295391,73.0,23.0,0.9906998738965952
1791295393,72.0,22.0,0.9796658259773013
1791295395,72.0,24.0,0.9883354350567465
1791295397,73.0,22.0,0.9977931904161412
1791295399,73.0,23.0,0.9993694829760403
1791295401,72.0,23.0,0.9843947036569988
1791295403,73.0,23.0,0.9993694829760403
1791295405,73.0,22.0,0.994640605296343
1791295407,72.0,23.0,0.9796658259773013
1791295409,73.0,21.0,0.9922761664564943
1791295411,73.0,23.0,0.9970050441361917
1791295413,73.0,23.0,0.9985813366960908
1791295415,71.0,24.0,0.9741488020176545
1791295417,71.0,24.0,0.9733606557377049
1791295419,71.0,24.0,0.9773013871374527
1791295421,71.0,22.0,0.9733606557377049
1791295423,72.0,23.0,0.9851828499369483
1791295425,73.0,23.0,0.9954287515762925
1791295427,73.0,23.0,0.994640605296343
1791295429,72.0,23.0,0.9812421185372004
1791295431,73.0,23.0,0.9954287515762925
1791295433,73.0,22.0,0.9930643127364439
1791295435,72.0,24.0,0.9867591424968474
1791295437,72.0,24.0,0.9899117276166457
1791295439,71.0,24.0,0.9733606557377049
1791295441,71.0,24.0,0.9780895334174022
1791295443,73.0,21.0,0.9985813366960908
1791295445,72.0,22.0,0.980453972257251
1791295447,73.0,23.0,0.9930643127364439
1791295449,73.0,23.0,0.9970050441361917
1791295451,71.0,22.0,0.9694199243379571
1791295453,72.0,23.0,0.980453972257251
1791295455,73.0,23.0,0.9938524590163934
1791295457,73.0,22.0,0.9977931904161412
1791295459,73.0,21.0,0.9993694829760403
1791295461,73.0,22.0,0.9962168978562421
1791295463,72.0,23.0,0.9788776796973518
1791295465,71.0,23.0,0.9631147540983607
1791295467,0.0,0.0,0.0
1791295469,0.0,0.0,0.0
1791295471,0.0,0.0,0.0
1791295474,0.0,0.0,0.0
1791295476,74.0,54.0,0.9914880201765448
1791295478,74.0,53.0,0.9914880201765448
1791295480,74.0,54.0,0.9914880201765448
1791295482,73.0,54.0,0.9780895334174022
1791295484,74.0,53.0,0.9977931904161412
1791295486,74.0,54.0,0.9977931904161412
1791295488,71.0,55.0,0.980453972257251
1791295490,71.0,57.0,0.9883354350567465
1791295492,72.0,56.0,0.9938524590163934
1791295494,71.0,55.0,0.9725725094577553
1791295496,73.0,55.0,0.994640605296343
1791295498,73.0,54.0,0.9977931904161412
1791295500,72.0,53.0,0.9780895334174022
1791295502,73.0,55.0,0.9883354350567465
1791295504,73.0,55.0,0.9906998738965952
1791295506,72.0,54.0,0.9828184110970997
1791295508,73.0,55.0,0.9985813366960908
1791295510,72.0,56.0,0.9938524590163934
1791295512,72.0,56.0,0.9985813366960908
1791295514,72.0,56.0,0.9891235813366961
1791295516,72.0,56.0,0.9891235813366961
1791295518,72.0,55.0,0.9812421185372004
1791295520,73.0,54.0,0.9914880201765448
1791295522,73.0,54.0,0.9922761664564943
1791295524,72.0,54.0,0.9757250945775536
1791295526,71.0,55.0,0.9654791929382094
1791295528,73.0,55.0,0.9970050441361917
1791295530,72.0,55.0,0.9851828499369483
1791295532,72.0,56.0,0.9891235813366961
1791295534,73.0,54.0,0.9985813366960908
1791295536,72.0,56.0,0.9867591424968474
1791295538,73.0,54.0,0.9993694829760403
1791295540,72.0,56.0,0.9883354350567465
1791295542,73.0,55.0,0.9985813366960908
1791295544,73.0,55.0,0.9985813366960908
1791295546,72.0,55.0,0.9843947036569988
1791295548,72.0,55.0,0.9836065573770492
1791295550,73.0,55.0,0.9970050441361917
1791295552,73.0,55.0,0.994640605296343
1791295554,73.0,55.0,0.9962168978562421
1791295556,73.0,55.0,0.9914880201765448
1791295558,73.0,55.0,0.9938524590163934
1791295560,73.0,54.0,0.9970050441361917
1791295562,73.0,54.0,0.994640605296343
1791295564,72.0,55.0,0.9796658259773013
1791295566,73.0,55.0,0.9962168978562421
1791295568,73.0,55.0,0.9985813366960908
1791295570,73.0,54.0,0.9938524590163934
1791295573,72.0,52.0,0.980453972257251
1791295575,73.0,55.0,0.9922761664564943
1791295577,73.0,55.0,0.9962168978562421
1791295579,73.0,55.0,0.9922761664564943
1791295581,72.0,54.0,0.9836065573770492
1791295583,73.0,55.0,0.994640605296343
1791295585,72.0,55.0,0.9812421185372004
1791295587,72.0,55.0,0.9891235813366961
1791295589,73.0,55.0,0.9977931904161412
1791295591,72.0,56.0,0.987547288776797
1791295593,73.0,55.0,0.994640605296343
1791295595,73.0,55.0,0.9930643127364439
1791295597,71.0,55.0,0.9631147540983607
1791295599,73.0,55.0,0.9962168978562421
1791295601,72.0,55.0,0.9828184110970997
1791295603,72.0,56.0,0.9930643127364439
1791295605,73.0,55.0,0.9993694829760403
1791295607,72.0,55.0,0.987547288776797
1791295609,73.0,55.0,0.9985813366960908
1791295611,71.0,53.0,0.9654791929382094
1791295613,73.0,55.0,0.9922761664564943
1791295615,73.0,54.0,0.9922761664564943
1791295617,72.0,55.0,0.9780895334174022
1791295619,73.0,54.0,0.9891235813366961
1791295621,72.0,55.0,0.9812421185372004
1791295623,73.0,55.0,0.9962168978562421
1791295625,72.0,56.0,0.9883354350567465
1791295627,72.0,56.0,0.9906998738965952
1791295629,71.0,56.0,0.9796658259773013
1791295631,73.0,55.0,0.9977931904161412
1791295633,73.0,55.0,0.9954287515762925
1791295635,73.0,55.0,0.9970050441361917
1791295637,73.0,55.0,0.9922761664564943
1791295639,73.0,55.0,0.9930643127364439
1791295641,73.0,54.0,0.9922761664564943
1791295643,73.0,55.0,0.9922761664564943
1791295645,72.0,55.0,0.9828184110970997
1791295647,72.0,56.0,0.9867591424968474
1791295649,72.0,55.0,0.9867591424968474
1791295651,71.0,54.0,0.9686317780580076
1791295653,72.0,55.0,0.9796658259773013
