drafter,split,position,step,acc,sum,total
eagle3,train,1,0,0.00e+00,0.00e+00,1.71e+04
eagle3,train,1,10,0.116,2.17e+03,1.87e+04
eagle3,train,1,20,0.178,3.26e+03,1.83e+04
eagle3,train,1,30,0.204,3.47e+03,1.70e+04
eagle3,train,1,40,0.232,4.28e+03,1.84e+04
eagle3,train,1,50,0.237,3.72e+03,1.57e+04
eagle3,train,1,60,0.290,4.73e+03,1.63e+04
eagle3,train,1,70,0.296,5.31e+03,1.79e+04
eagle3,train,1,80,0.328,4.61e+03,1.41e+04
eagle3,train,1,90,0.333,4.53e+03,1.36e+04
eagle3,train,1,100,0.298,5.64e+03,1.89e+04
eagle3,train,1,110,0.344,6.46e+03,1.88e+04
eagle3,train,1,120,0.302,5.33e+03,1.77e+04
eagle3,train,1,130,0.349,4.48e+03,1.28e+04
eagle3,train,1,140,0.368,5.40e+03,1.47e+04
eagle3,train,1,150,0.355,5.70e+03,1.61e+04
eagle3,train,1,160,0.394,4.79e+03,1.21e+04
eagle3,train,1,170,0.373,6.59e+03,1.77e+04
eagle3,train,1,180,0.380,5.91e+03,1.56e+04
eagle3,train,1,190,0.393,5.93e+03,1.51e+04
eagle3,train,1,200,0.403,5.71e+03,1.42e+04
eagle3,train,1,210,0.404,4.62e+03,1.15e+04
eagle3,train,1,220,0.376,4.26e+03,1.13e+04
eagle3,train,1,230,0.416,6.01e+03,1.44e+04
eagle3,train,1,240,0.414,7.48e+03,1.81e+04
eagle3,train,1,250,0.428,5.59e+03,1.31e+04
eagle3,train,1,260,0.429,6.47e+03,1.51e+04
eagle3,train,1,270,0.439,6.54e+03,1.49e+04
eagle3,train,1,280,0.438,7.78e+03,1.78e+04
eagle3,train,1,290,0.424,6.38e+03,1.51e+04
eagle3,train,1,300,0.431,6.78e+03,1.58e+04
eagle3,train,1,310,0.431,6.35e+03,1.47e+04
eagle3,train,1,320,0.430,7.11e+03,1.65e+04
eagle3,train,1,330,0.422,6.47e+03,1.53e+04
eagle3,train,1,340,0.411,6.43e+03,1.56e+04
eagle3,train,1,350,0.466,5.57e+03,1.20e+04
eagle3,train,1,360,0.452,6.88e+03,1.52e+04
eagle3,train,1,370,0.418,6.13e+03,1.47e+04
eagle3,train,1,380,0.418,7.73e+03,1.85e+04
eagle3,train,1,390,0.437,5.39e+03,1.23e+04
eagle3,train,1,400,0.469,5.96e+03,1.27e+04
eagle3,train,1,410,0.480,6.25e+03,1.30e+04
eagle3,train,1,420,0.433,7.79e+03,1.80e+04
eagle3,train,1,430,0.476,8.89e+03,1.87e+04
eagle3,train,1,440,0.471,5.56e+03,1.18e+04
eagle3,train,1,450,0.489,8.38e+03,1.71e+04
eagle3,train,1,460,0.471,6.93e+03,1.47e+04
eagle3,train,1,470,0.462,1.04e+04,2.25e+04
eagle3,train,1,480,0.469,8.51e+03,1.82e+04
eagle3,train,1,490,0.491,8.24e+03,1.68e+04
eagle3,train,1,500,0.475,9.85e+03,2.07e+04
eagle3,train,1,510,0.447,5.69e+03,1.27e+04
eagle3,train,1,520,0.494,9.73e+03,1.97e+04
eagle3,train,1,530,0.489,6.86e+03,1.40e+04
eagle3,train,1,540,0.510,7.05e+03,1.38e+04
eagle3,train,1,550,0.508,8.31e+03,1.63e+04
eagle3,train,1,560,0.473,9.41e+03,1.99e+04
eagle3,train,1,570,0.496,1.12e+04,2.27e+04
eagle3,train,1,580,0.517,1.01e+04,1.96e+04
eagle3,train,1,590,0.498,8.81e+03,1.77e+04
eagle3,train,1,600,0.511,9.60e+03,1.88e+04
eagle3,train,1,610,0.525,7.73e+03,1.47e+04
eagle3,train,1,620,0.500,7.56e+03,1.51e+04
eagle3,train,1,630,0.505,1.08e+04,2.13e+04
eagle3,train,1,640,0.501,7.79e+03,1.56e+04
eagle3,train,1,650,0.483,7.84e+03,1.62e+04
eagle3,train,1,660,0.532,7.30e+03,1.37e+04
eagle3,train,1,670,0.495,9.35e+03,1.89e+04
eagle3,train,1,680,0.495,8.08e+03,1.63e+04
eagle3,train,1,690,0.528,8.75e+03,1.66e+04
eagle3,train,1,700,0.496,8.07e+03,1.63e+04
eagle3,train,1,710,0.524,8.27e+03,1.58e+04
eagle3,train,1,720,0.494,8.36e+03,1.69e+04
eagle3,train,1,730,0.550,6.76e+03,1.23e+04
eagle3,train,1,740,0.514,7.59e+03,1.48e+04
eagle3,train,1,750,0.511,9.58e+03,1.87e+04
eagle3,train,1,760,0.523,7.81e+03,1.49e+04
eagle3,train,1,770,0.501,8.77e+03,1.75e+04
eagle3,train,1,780,0.520,8.20e+03,1.58e+04
eagle3,train,1,790,0.524,5.18e+03,9.90e+03
eagle3,train,1,800,0.497,9.96e+03,2.00e+04
eagle3,train,1,810,0.543,7.99e+03,1.47e+04
eagle3,train,1,820,0.544,8.73e+03,1.61e+04
eagle3,train,1,830,0.529,9.90e+03,1.87e+04
eagle3,train,1,840,0.501,7.24e+03,1.45e+04
eagle3,train,1,850,0.540,8.62e+03,1.60e+04
eagle3,train,1,860,0.532,9.96e+03,1.87e+04
eagle3,train,1,870,0.560,7.73e+03,1.38e+04
eagle3,train,1,880,0.550,4.74e+03,8.62e+03
eagle3,train,1,890,0.550,8.03e+03,1.46e+04
eagle3,train,1,900,0.522,9.12e+03,1.75e+04
eagle3,train,1,910,0.546,6.30e+03,1.15e+04
eagle3,train,1,920,0.558,8.21e+03,1.47e+04
eagle3,train,1,930,0.553,9.16e+03,1.66e+04
eagle3,train,1,940,0.527,6.07e+03,1.15e+04
eagle3,train,1,950,0.572,1.25e+04,2.18e+04
eagle3,train,1,960,0.592,1.08e+04,1.83e+04
eagle3,train,1,970,0.587,8.40e+03,1.43e+04
eagle3,train,1,980,0.576,7.47e+03,1.30e+04
eagle3,train,1,990,0.585,1.36e+04,2.33e+04
eagle3,train,1,1000,0.587,9.71e+03,1.65e+04
eagle3,train,1,1010,0.607,8.19e+03,1.35e+04
eagle3,train,1,1020,0.556,9.00e+03,1.62e+04
eagle3,train,1,1030,0.609,7.89e+03,1.30e+04
eagle3,train,1,1040,0.568,8.04e+03,1.42e+04
eagle3,train,1,1050,0.585,1.08e+04,1.85e+04
eagle3,train,1,1060,0.585,8.86e+03,1.51e+04
eagle3,train,1,1070,0.561,1.10e+04,1.95e+04
eagle3,train,1,1080,0.594,9.12e+03,1.54e+04
eagle3,train,1,1090,0.582,1.02e+04,1.75e+04
eagle3,train,1,1100,0.574,1.10e+04,1.92e+04
eagle3,train,1,1110,0.609,8.61e+03,1.41e+04
eagle3,train,1,1120,0.584,8.77e+03,1.50e+04
eagle3,train,1,1130,0.592,9.46e+03,1.60e+04
eagle3,train,1,1140,0.568,8.42e+03,1.48e+04
eagle3,train,1,1150,0.590,1.17e+04,1.99e+04
eagle3,train,1,1160,0.549,9.33e+03,1.70e+04
eagle3,train,1,1170,0.617,7.20e+03,1.17e+04
eagle3,train,1,1180,0.597,1.02e+04,1.71e+04
eagle3,train,1,1190,0.563,8.66e+03,1.54e+04
eagle3,train,1,1200,0.554,5.67e+03,1.02e+04
eagle3,train,1,1210,0.579,9.90e+03,1.71e+04
eagle3,train,1,1220,0.605,8.14e+03,1.34e+04
eagle3,train,1,1230,0.590,8.07e+03,1.37e+04
eagle3,train,1,1240,0.521,1.09e+04,2.08e+04
eagle3,train,1,1250,0.597,9.21e+03,1.54e+04
eagle3,train,1,1260,0.594,1.12e+04,1.89e+04
eagle3,train,1,1270,0.607,1.07e+04,1.77e+04
eagle3,train,1,1280,0.627,7.38e+03,1.18e+04
eagle3,train,1,1290,0.569,9.19e+03,1.62e+04
eagle3,train,1,1300,0.589,9.52e+03,1.62e+04
eagle3,train,1,1310,0.573,1.13e+04,1.98e+04
eagle3,train,1,1320,0.636,6.87e+03,1.08e+04
eagle3,train,1,1330,0.615,1.04e+04,1.68e+04
eagle3,train,1,1340,0.617,6.68e+03,1.08e+04
eagle3,train,1,1350,0.606,1.15e+04,1.89e+04
eagle3,train,1,1360,0.595,9.61e+03,1.62e+04
eagle3,train,1,1370,0.581,8.94e+03,1.54e+04
eagle3,train,1,1380,0.594,8.00e+03,1.35e+04
eagle3,train,1,1390,0.596,7.15e+03,1.20e+04
eagle3,train,1,1400,0.577,8.35e+03,1.45e+04
eagle3,train,1,1410,0.607,1.00e+04,1.65e+04
eagle3,val,1,471,0.464,3.79e+05,8.17e+05
eagle3,val,1,942,0.526,4.30e+05,8.17e+05
eagle3,val,1,1413,0.558,4.56e+05,8.17e+05
eagle3,train,2,0,0.00e+00,0.00e+00,1.71e+04
eagle3,train,2,10,0.011,200.000,1.87e+04
eagle3,train,2,20,0.045,823.000,1.83e+04
eagle3,train,2,30,0.054,913.000,1.70e+04
eagle3,train,2,40,0.065,1.20e+03,1.84e+04
eagle3,train,2,50,0.064,1.01e+03,1.57e+04
eagle3,train,2,60,0.092,1.50e+03,1.63e+04
eagle3,train,2,70,0.093,1.66e+03,1.79e+04
eagle3,train,2,80,0.123,1.73e+03,1.41e+04
eagle3,train,2,90,0.123,1.68e+03,1.36e+04
eagle3,train,2,100,0.093,1.75e+03,1.89e+04
eagle3,train,2,110,0.126,2.37e+03,1.88e+04
eagle3,train,2,120,0.107,1.89e+03,1.76e+04
eagle3,train,2,130,0.133,1.71e+03,1.28e+04
eagle3,train,2,140,0.137,2.01e+03,1.47e+04
eagle3,train,2,150,0.140,2.25e+03,1.61e+04
eagle3,train,2,160,0.167,2.03e+03,1.21e+04
eagle3,train,2,170,0.141,2.49e+03,1.77e+04
eagle3,train,2,180,0.146,2.27e+03,1.55e+04
eagle3,train,2,190,0.166,2.50e+03,1.51e+04
eagle3,train,2,200,0.177,2.51e+03,1.42e+04
eagle3,train,2,210,0.162,1.86e+03,1.14e+04
eagle3,train,2,220,0.148,1.68e+03,1.13e+04
eagle3,train,2,230,0.175,2.53e+03,1.44e+04
eagle3,train,2,240,0.179,3.24e+03,1.81e+04
eagle3,train,2,250,0.183,2.38e+03,1.31e+04
eagle3,train,2,260,0.190,2.86e+03,1.51e+04
eagle3,train,2,270,0.200,2.97e+03,1.49e+04
eagle3,train,2,280,0.189,3.35e+03,1.78e+04
eagle3,train,2,290,0.180,2.71e+03,1.50e+04
eagle3,train,2,300,0.190,2.98e+03,1.57e+04
eagle3,train,2,310,0.188,2.77e+03,1.47e+04
eagle3,train,2,320,0.178,2.94e+03,1.65e+04
eagle3,train,2,330,0.185,2.83e+03,1.53e+04
eagle3,train,2,340,0.171,2.67e+03,1.56e+04
eagle3,train,2,350,0.210,2.51e+03,1.20e+04
eagle3,train,2,360,0.205,3.12e+03,1.52e+04
eagle3,train,2,370,0.176,2.58e+03,1.47e+04
eagle3,train,2,380,0.173,3.20e+03,1.85e+04
eagle3,train,2,390,0.194,2.39e+03,1.23e+04
eagle3,train,2,400,0.221,2.80e+03,1.27e+04
eagle3,train,2,410,0.238,3.10e+03,1.30e+04
eagle3,train,2,420,0.188,3.38e+03,1.80e+04
eagle3,train,2,430,0.233,4.35e+03,1.87e+04
eagle3,train,2,440,0.226,2.67e+03,1.18e+04
eagle3,train,2,450,0.242,4.14e+03,1.71e+04
eagle3,train,2,460,0.222,3.26e+03,1.47e+04
eagle3,train,2,470,0.203,4.58e+03,2.25e+04
eagle3,train,2,480,0.210,3.81e+03,1.81e+04
eagle3,train,2,490,0.244,4.09e+03,1.68e+04
eagle3,train,2,500,0.216,4.49e+03,2.07e+04
eagle3,train,2,510,0.183,2.33e+03,1.27e+04
eagle3,train,2,520,0.239,4.72e+03,1.97e+04
eagle3,train,2,530,0.227,3.18e+03,1.40e+04
eagle3,train,2,540,0.253,3.50e+03,1.38e+04
eagle3,train,2,550,0.253,4.13e+03,1.63e+04
eagle3,train,2,560,0.209,4.15e+03,1.99e+04
eagle3,train,2,570,0.231,5.24e+03,2.27e+04
eagle3,train,2,580,0.260,5.08e+03,1.96e+04
eagle3,train,2,590,0.248,4.38e+03,1.77e+04
eagle3,train,2,600,0.255,4.79e+03,1.88e+04
eagle3,train,2,610,0.257,3.79e+03,1.47e+04
eagle3,train,2,620,0.253,3.82e+03,1.51e+04
eagle3,train,2,630,0.243,5.19e+03,2.13e+04
eagle3,train,2,640,0.248,3.86e+03,1.55e+04
eagle3,train,2,650,0.210,3.41e+03,1.62e+04
eagle3,train,2,660,0.270,3.70e+03,1.37e+04
eagle3,train,2,670,0.233,4.40e+03,1.89e+04
eagle3,train,2,680,0.237,3.86e+03,1.63e+04
eagle3,train,2,690,0.271,4.50e+03,1.66e+04
eagle3,train,2,700,0.232,3.78e+03,1.62e+04
eagle3,train,2,710,0.267,4.21e+03,1.58e+04
eagle3,train,2,720,0.232,3.92e+03,1.69e+04
eagle3,train,2,730,0.294,3.60e+03,1.23e+04
eagle3,train,2,740,0.255,3.76e+03,1.47e+04
eagle3,train,2,750,0.255,4.79e+03,1.87e+04
eagle3,train,2,760,0.260,3.88e+03,1.49e+04
eagle3,train,2,770,0.230,4.02e+03,1.75e+04
eagle3,train,2,780,0.263,4.15e+03,1.58e+04
eagle3,train,2,790,0.271,2.68e+03,9.89e+03
eagle3,train,2,800,0.227,4.54e+03,2.00e+04
eagle3,train,2,810,0.284,4.18e+03,1.47e+04
eagle3,train,2,820,0.283,4.54e+03,1.60e+04
eagle3,train,2,830,0.270,5.05e+03,1.87e+04
eagle3,train,2,840,0.243,3.52e+03,1.44e+04
eagle3,train,2,850,0.303,4.84e+03,1.59e+04
eagle3,train,2,860,0.264,4.94e+03,1.87e+04
eagle3,train,2,870,0.309,4.27e+03,1.38e+04
eagle3,train,2,880,0.287,2.47e+03,8.62e+03
eagle3,train,2,890,0.299,4.36e+03,1.46e+04
eagle3,train,2,900,0.261,4.56e+03,1.75e+04
eagle3,train,2,910,0.290,3.34e+03,1.15e+04
eagle3,train,2,920,0.299,4.40e+03,1.47e+04
eagle3,train,2,930,0.291,4.82e+03,1.66e+04
eagle3,train,2,940,0.268,3.08e+03,1.15e+04
eagle3,train,2,950,0.313,6.82e+03,2.18e+04
eagle3,train,2,960,0.330,6.04e+03,1.83e+04
eagle3,train,2,970,0.322,4.61e+03,1.43e+04
eagle3,train,2,980,0.325,4.22e+03,1.30e+04
eagle3,train,2,990,0.328,7.63e+03,2.33e+04
eagle3,train,2,1000,0.328,5.42e+03,1.65e+04
eagle3,train,2,1010,0.343,4.63e+03,1.35e+04
eagle3,train,2,1020,0.291,4.70e+03,1.62e+04
eagle3,train,2,1030,0.357,4.62e+03,1.29e+04
eagle3,train,2,1040,0.305,4.32e+03,1.42e+04
eagle3,train,2,1050,0.321,5.94e+03,1.85e+04
eagle3,train,2,1060,0.329,4.99e+03,1.51e+04
eagle3,train,2,1070,0.297,5.79e+03,1.95e+04
eagle3,train,2,1080,0.330,5.06e+03,1.53e+04
eagle3,train,2,1090,0.318,5.56e+03,1.75e+04
eagle3,train,2,1100,0.319,6.13e+03,1.92e+04
eagle3,train,2,1110,0.359,5.07e+03,1.41e+04
eagle3,train,2,1120,0.323,4.84e+03,1.50e+04
eagle3,train,2,1130,0.337,5.39e+03,1.60e+04
eagle3,train,2,1140,0.307,4.55e+03,1.48e+04
eagle3,train,2,1150,0.334,6.64e+03,1.99e+04
eagle3,train,2,1160,0.280,4.76e+03,1.70e+04
eagle3,train,2,1170,0.367,4.28e+03,1.17e+04
eagle3,train,2,1180,0.336,5.76e+03,1.71e+04
eagle3,train,2,1190,0.301,4.62e+03,1.54e+04
eagle3,train,2,1200,0.299,3.06e+03,1.02e+04
eagle3,train,2,1210,0.317,5.41e+03,1.71e+04
eagle3,train,2,1220,0.350,4.70e+03,1.34e+04
eagle3,train,2,1230,0.334,4.57e+03,1.37e+04
eagle3,train,2,1240,0.261,5.43e+03,2.08e+04
eagle3,train,2,1250,0.346,5.33e+03,1.54e+04
eagle3,train,2,1260,0.344,6.49e+03,1.89e+04
eagle3,train,2,1270,0.352,6.23e+03,1.77e+04
eagle3,train,2,1280,0.371,4.36e+03,1.18e+04
eagle3,train,2,1290,0.312,5.04e+03,1.62e+04
eagle3,train,2,1300,0.329,5.31e+03,1.61e+04
eagle3,train,2,1310,0.313,6.20e+03,1.98e+04
eagle3,train,2,1320,0.399,4.31e+03,1.08e+04
eagle3,train,2,1330,0.357,6.01e+03,1.68e+04
eagle3,train,2,1340,0.368,3.98e+03,1.08e+04
eagle3,train,2,1350,0.354,6.69e+03,1.89e+04
eagle3,train,2,1360,0.339,5.48e+03,1.61e+04
eagle3,train,2,1370,0.320,4.92e+03,1.54e+04
eagle3,train,2,1380,0.331,4.45e+03,1.34e+04
eagle3,train,2,1390,0.346,4.14e+03,1.20e+04
eagle3,train,2,1400,0.316,4.57e+03,1.45e+04
eagle3,train,2,1410,0.352,5.81e+03,1.65e+04
eagle3,val,2,471,0.212,1.73e+05,8.17e+05
eagle3,val,2,942,0.266,2.17e+05,8.17e+05
eagle3,val,2,1413,0.299,2.44e+05,8.17e+05
eagle3,train,3,0,0.00e+00,0.00e+00,1.70e+04
eagle3,train,3,10,0.001,25.000,1.87e+04
eagle3,train,3,20,0.014,250.000,1.83e+04
eagle3,train,3,30,0.018,311.000,1.70e+04
eagle3,train,3,40,0.025,453.000,1.84e+04
eagle3,train,3,50,0.023,366.000,1.57e+04
eagle3,train,3,60,0.034,553.000,1.63e+04
eagle3,train,3,70,0.037,663.000,1.79e+04
eagle3,train,3,80,0.055,776.000,1.40e+04
eagle3,train,3,90,0.055,750.000,1.36e+04
eagle3,train,3,100,0.035,663.000,1.89e+04
eagle3,train,3,110,0.052,976.000,1.88e+04
eagle3,train,3,120,0.039,682.000,1.76e+04
eagle3,train,3,130,0.057,736.000,1.28e+04
eagle3,train,3,140,0.054,797.000,1.47e+04
eagle3,train,3,150,0.064,1.02e+03,1.61e+04
eagle3,train,3,160,0.079,964.000,1.21e+04
eagle3,train,3,170,0.056,998.000,1.77e+04
eagle3,train,3,180,0.064,990.000,1.55e+04
eagle3,train,3,190,0.074,1.12e+03,1.51e+04
eagle3,train,3,200,0.083,1.18e+03,1.42e+04
eagle3,train,3,210,0.072,820.000,1.14e+04
eagle3,train,3,220,0.065,739.000,1.13e+04
eagle3,train,3,230,0.080,1.15e+03,1.44e+04
eagle3,train,3,240,0.080,1.45e+03,1.81e+04
eagle3,train,3,250,0.083,1.09e+03,1.30e+04
eagle3,train,3,260,0.086,1.30e+03,1.50e+04
eagle3,train,3,270,0.095,1.42e+03,1.49e+04
eagle3,train,3,280,0.087,1.54e+03,1.77e+04
eagle3,train,3,290,0.083,1.25e+03,1.50e+04
eagle3,train,3,300,0.091,1.44e+03,1.57e+04
eagle3,train,3,310,0.088,1.29e+03,1.47e+04
eagle3,train,3,320,0.081,1.33e+03,1.65e+04
eagle3,train,3,330,0.089,1.36e+03,1.53e+04
eagle3,train,3,340,0.075,1.17e+03,1.56e+04
eagle3,train,3,350,0.101,1.21e+03,1.20e+04
eagle3,train,3,360,0.097,1.47e+03,1.52e+04
eagle3,train,3,370,0.078,1.14e+03,1.47e+04
eagle3,train,3,380,0.079,1.46e+03,1.85e+04
eagle3,train,3,390,0.090,1.11e+03,1.23e+04
eagle3,train,3,400,0.108,1.37e+03,1.27e+04
eagle3,train,3,410,0.128,1.66e+03,1.30e+04
eagle3,train,3,420,0.084,1.50e+03,1.80e+04
eagle3,train,3,430,0.120,2.23e+03,1.87e+04
eagle3,train,3,440,0.114,1.35e+03,1.18e+04
eagle3,train,3,450,0.124,2.12e+03,1.71e+04
eagle3,train,3,460,0.111,1.63e+03,1.47e+04
eagle3,train,3,470,0.092,2.07e+03,2.25e+04
eagle3,train,3,480,0.094,1.70e+03,1.81e+04
eagle3,train,3,490,0.128,2.15e+03,1.68e+04
eagle3,train,3,500,0.098,2.02e+03,2.07e+04
eagle3,train,3,510,0.078,990.000,1.27e+04
eagle3,train,3,520,0.116,2.29e+03,1.97e+04
eagle3,train,3,530,0.109,1.52e+03,1.40e+04
eagle3,train,3,540,0.128,1.77e+03,1.38e+04
eagle3,train,3,550,0.129,2.10e+03,1.63e+04
eagle3,train,3,560,0.094,1.87e+03,1.99e+04
eagle3,train,3,570,0.112,2.52e+03,2.26e+04
eagle3,train,3,580,0.136,2.66e+03,1.96e+04
eagle3,train,3,590,0.130,2.30e+03,1.77e+04
eagle3,train,3,600,0.130,2.43e+03,1.88e+04
eagle3,train,3,610,0.123,1.81e+03,1.47e+04
eagle3,train,3,620,0.131,1.98e+03,1.51e+04
eagle3,train,3,630,0.119,2.54e+03,2.13e+04
eagle3,train,3,640,0.125,1.94e+03,1.55e+04
eagle3,train,3,650,0.087,1.42e+03,1.62e+04
eagle3,train,3,660,0.139,1.90e+03,1.37e+04
eagle3,train,3,670,0.111,2.10e+03,1.89e+04
eagle3,train,3,680,0.113,1.84e+03,1.63e+04
eagle3,train,3,690,0.137,2.28e+03,1.66e+04
eagle3,train,3,700,0.109,1.77e+03,1.62e+04
eagle3,train,3,710,0.138,2.17e+03,1.58e+04
eagle3,train,3,720,0.109,1.85e+03,1.69e+04
eagle3,train,3,730,0.164,2.01e+03,1.23e+04
eagle3,train,3,740,0.127,1.88e+03,1.47e+04
eagle3,train,3,750,0.133,2.49e+03,1.87e+04
eagle3,train,3,760,0.128,1.92e+03,1.49e+04
eagle3,train,3,770,0.107,1.86e+03,1.75e+04
eagle3,train,3,780,0.138,2.17e+03,1.57e+04
eagle3,train,3,790,0.145,1.44e+03,9.88e+03
eagle3,train,3,800,0.104,2.08e+03,2.00e+04
eagle3,train,3,810,0.151,2.22e+03,1.47e+04
eagle3,train,3,820,0.151,2.42e+03,1.60e+04
eagle3,train,3,830,0.137,2.56e+03,1.87e+04
eagle3,train,3,840,0.118,1.70e+03,1.44e+04
eagle3,train,3,850,0.186,2.97e+03,1.59e+04
eagle3,train,3,860,0.127,2.38e+03,1.87e+04
eagle3,train,3,870,0.176,2.42e+03,1.38e+04
eagle3,train,3,880,0.155,1.34e+03,8.61e+03
eagle3,train,3,890,0.166,2.42e+03,1.46e+04
eagle3,train,3,900,0.137,2.39e+03,1.74e+04
eagle3,train,3,910,0.152,1.75e+03,1.15e+04
eagle3,train,3,920,0.167,2.45e+03,1.47e+04
eagle3,train,3,930,0.155,2.56e+03,1.65e+04
eagle3,train,3,940,0.137,1.57e+03,1.15e+04
eagle3,train,3,950,0.174,3.80e+03,2.18e+04
eagle3,train,3,960,0.183,3.34e+03,1.83e+04
eagle3,train,3,970,0.173,2.47e+03,1.43e+04
eagle3,train,3,980,0.184,2.38e+03,1.29e+04
eagle3,train,3,990,0.183,4.27e+03,2.33e+04
eagle3,train,3,1000,0.182,3.00e+03,1.65e+04
eagle3,train,3,1010,0.191,2.58e+03,1.35e+04
eagle3,train,3,1020,0.152,2.45e+03,1.62e+04
eagle3,train,3,1030,0.208,2.69e+03,1.29e+04
eagle3,train,3,1040,0.163,2.31e+03,1.41e+04
eagle3,train,3,1050,0.175,3.22e+03,1.85e+04
eagle3,train,3,1060,0.186,2.82e+03,1.51e+04
eagle3,train,3,1070,0.154,3.01e+03,1.95e+04
eagle3,train,3,1080,0.183,2.81e+03,1.53e+04
eagle3,train,3,1090,0.170,2.98e+03,1.75e+04
eagle3,train,3,1100,0.180,3.45e+03,1.92e+04
eagle3,train,3,1110,0.214,3.03e+03,1.41e+04
eagle3,train,3,1120,0.176,2.63e+03,1.50e+04
eagle3,train,3,1130,0.187,2.98e+03,1.60e+04
eagle3,train,3,1140,0.164,2.43e+03,1.48e+04
eagle3,train,3,1150,0.187,3.72e+03,1.99e+04
eagle3,train,3,1160,0.142,2.40e+03,1.70e+04
eagle3,train,3,1170,0.217,2.53e+03,1.17e+04
eagle3,train,3,1180,0.185,3.16e+03,1.71e+04
eagle3,train,3,1190,0.164,2.51e+03,1.54e+04
eagle3,train,3,1200,0.164,1.68e+03,1.02e+04
eagle3,train,3,1210,0.167,2.86e+03,1.71e+04
eagle3,train,3,1220,0.201,2.70e+03,1.34e+04
eagle3,train,3,1230,0.192,2.63e+03,1.37e+04
eagle3,train,3,1240,0.142,2.95e+03,2.08e+04
eagle3,train,3,1250,0.198,3.06e+03,1.54e+04
eagle3,train,3,1260,0.200,3.77e+03,1.88e+04
eagle3,train,3,1270,0.199,3.51e+03,1.77e+04
eagle3,train,3,1280,0.216,2.54e+03,1.18e+04
eagle3,train,3,1290,0.171,2.77e+03,1.61e+04
eagle3,train,3,1300,0.184,2.96e+03,1.61e+04
eagle3,train,3,1310,0.169,3.34e+03,1.98e+04
eagle3,train,3,1320,0.254,2.74e+03,1.08e+04
eagle3,train,3,1330,0.204,3.42e+03,1.68e+04
eagle3,train,3,1340,0.221,2.38e+03,1.08e+04
eagle3,train,3,1350,0.198,3.74e+03,1.89e+04
eagle3,train,3,1360,0.190,3.06e+03,1.61e+04
eagle3,train,3,1370,0.178,2.73e+03,1.54e+04
eagle3,train,3,1380,0.187,2.52e+03,1.34e+04
eagle3,train,3,1390,0.197,2.36e+03,1.20e+04
eagle3,train,3,1400,0.172,2.49e+03,1.45e+04
eagle3,train,3,1410,0.202,3.32e+03,1.65e+04
eagle3,val,3,471,0.100,8.18e+04,8.16e+05
eagle3,val,3,942,0.136,1.11e+05,8.16e+05
eagle3,val,3,1413,0.161,1.31e+05,8.16e+05
peagle,train,1,0,0.00e+00,0.00e+00,1.71e+04
peagle,train,1,10,0.112,2.10e+03,1.87e+04
peagle,train,1,20,0.156,2.86e+03,1.83e+04
peagle,train,1,30,0.223,3.79e+03,1.70e+04
peagle,train,1,40,0.278,5.12e+03,1.84e+04
peagle,train,1,50,0.297,4.66e+03,1.57e+04
peagle,train,1,60,0.347,5.66e+03,1.63e+04
peagle,train,1,70,0.356,6.39e+03,1.79e+04
peagle,train,1,80,0.387,5.44e+03,1.41e+04
peagle,train,1,90,0.390,5.31e+03,1.36e+04
peagle,train,1,100,0.357,6.76e+03,1.89e+04
peagle,train,1,110,0.400,7.52e+03,1.88e+04
peagle,train,1,120,0.334,5.90e+03,1.77e+04
peagle,train,1,130,0.406,5.21e+03,1.28e+04
peagle,train,1,140,0.441,6.47e+03,1.47e+04
peagle,train,1,150,0.413,6.64e+03,1.61e+04
peagle,train,1,160,0.445,5.40e+03,1.21e+04
peagle,train,1,170,0.433,7.66e+03,1.77e+04
peagle,train,1,180,0.436,6.79e+03,1.56e+04
peagle,train,1,190,0.457,6.91e+03,1.51e+04
peagle,train,1,200,0.468,6.64e+03,1.42e+04
peagle,train,1,210,0.481,5.51e+03,1.15e+04
peagle,train,1,220,0.450,5.10e+03,1.13e+04
peagle,train,1,230,0.486,7.02e+03,1.44e+04
peagle,train,1,240,0.468,8.46e+03,1.81e+04
peagle,train,1,250,0.496,6.48e+03,1.31e+04
peagle,train,1,260,0.494,7.44e+03,1.51e+04
peagle,train,1,270,0.506,7.54e+03,1.49e+04
peagle,train,1,280,0.508,9.02e+03,1.78e+04
peagle,train,1,290,0.489,7.36e+03,1.51e+04
peagle,train,1,300,0.513,8.08e+03,1.58e+04
peagle,train,1,310,0.500,7.37e+03,1.47e+04
peagle,train,1,320,0.502,8.30e+03,1.65e+04
peagle,train,1,330,0.485,7.43e+03,1.53e+04
peagle,train,1,340,0.481,7.53e+03,1.56e+04
peagle,train,1,350,0.539,6.45e+03,1.20e+04
peagle,train,1,360,0.525,7.99e+03,1.52e+04
peagle,train,1,370,0.501,7.36e+03,1.47e+04
peagle,train,1,380,0.495,9.14e+03,1.85e+04
peagle,train,1,390,0.511,6.30e+03,1.23e+04
peagle,train,1,400,0.543,6.90e+03,1.27e+04
peagle,train,1,410,0.545,7.09e+03,1.30e+04
peagle,train,1,420,0.509,9.15e+03,1.80e+04
peagle,train,1,430,0.556,1.04e+04,1.87e+04
peagle,train,1,440,0.564,6.66e+03,1.18e+04
peagle,train,1,450,0.571,9.78e+03,1.71e+04
peagle,train,1,460,0.550,8.08e+03,1.47e+04
peagle,train,1,470,0.544,1.23e+04,2.25e+04
peagle,train,1,480,0.586,1.06e+04,1.82e+04
peagle,train,1,490,0.578,9.71e+03,1.68e+04
peagle,train,1,500,0.594,1.23e+04,2.07e+04
peagle,train,1,510,0.553,7.04e+03,1.27e+04
peagle,train,1,520,0.598,1.18e+04,1.97e+04
peagle,train,1,530,0.589,8.26e+03,1.40e+04
peagle,train,1,540,0.613,8.47e+03,1.38e+04
peagle,train,1,550,0.617,1.01e+04,1.63e+04
peagle,train,1,560,0.584,1.16e+04,1.99e+04
peagle,train,1,570,0.595,1.35e+04,2.27e+04
peagle,train,1,580,0.617,1.21e+04,1.96e+04
peagle,train,1,590,0.600,1.06e+04,1.77e+04
peagle,train,1,600,0.616,1.16e+04,1.88e+04
peagle,train,1,610,0.617,9.08e+03,1.47e+04
peagle,train,1,620,0.600,9.07e+03,1.51e+04
peagle,train,1,630,0.593,1.27e+04,2.13e+04
peagle,train,1,640,0.597,9.28e+03,1.56e+04
peagle,train,1,650,0.589,9.57e+03,1.62e+04
peagle,train,1,660,0.627,8.61e+03,1.37e+04
peagle,train,1,670,0.600,1.13e+04,1.89e+04
peagle,train,1,680,0.590,9.63e+03,1.63e+04
peagle,train,1,690,0.631,1.05e+04,1.66e+04
peagle,train,1,700,0.606,9.85e+03,1.63e+04
peagle,train,1,710,0.614,9.68e+03,1.58e+04
peagle,train,1,720,0.604,1.02e+04,1.69e+04
peagle,train,1,730,0.646,7.93e+03,1.23e+04
peagle,train,1,740,0.602,8.89e+03,1.48e+04
peagle,train,1,750,0.612,1.15e+04,1.87e+04
peagle,train,1,760,0.627,9.36e+03,1.49e+04
peagle,train,1,770,0.612,1.07e+04,1.75e+04
peagle,train,1,780,0.628,9.91e+03,1.58e+04
peagle,train,1,790,0.614,6.08e+03,9.90e+03
peagle,train,1,800,0.603,1.21e+04,2.00e+04
peagle,train,1,810,0.659,9.70e+03,1.47e+04
peagle,train,1,820,0.653,1.05e+04,1.61e+04
peagle,train,1,830,0.623,1.17e+04,1.87e+04
peagle,train,1,840,0.598,8.64e+03,1.45e+04
peagle,train,1,850,0.632,1.01e+04,1.60e+04
peagle,train,1,860,0.635,1.19e+04,1.87e+04
peagle,train,1,870,0.657,9.08e+03,1.38e+04
peagle,train,1,880,0.640,5.52e+03,8.62e+03
peagle,train,1,890,0.657,9.59e+03,1.46e+04
peagle,train,1,900,0.629,1.10e+04,1.75e+04
peagle,train,1,910,0.649,7.48e+03,1.15e+04
peagle,train,1,920,0.659,9.70e+03,1.47e+04
peagle,train,1,930,0.658,1.09e+04,1.66e+04
peagle,train,1,940,0.633,7.29e+03,1.15e+04
peagle,train,1,950,0.710,1.55e+04,2.18e+04
peagle,train,1,960,0.718,1.32e+04,1.83e+04
peagle,train,1,970,0.724,1.04e+04,1.43e+04
peagle,train,1,980,0.705,9.14e+03,1.30e+04
peagle,train,1,990,0.717,1.67e+04,2.33e+04
peagle,train,1,1000,0.721,1.19e+04,1.65e+04
peagle,train,1,1010,0.732,9.89e+03,1.35e+04
peagle,train,1,1020,0.693,1.12e+04,1.62e+04
peagle,train,1,1030,0.733,9.50e+03,1.30e+04
peagle,train,1,1040,0.751,1.06e+04,1.42e+04
peagle,train,1,1050,0.709,1.31e+04,1.85e+04
peagle,train,1,1060,0.716,1.08e+04,1.51e+04
peagle,train,1,1070,0.691,1.35e+04,1.95e+04
peagle,train,1,1080,0.717,1.10e+04,1.54e+04
peagle,train,1,1090,0.718,1.26e+04,1.75e+04
peagle,train,1,1100,0.706,1.36e+04,1.92e+04
peagle,train,1,1110,0.720,1.02e+04,1.41e+04
peagle,train,1,1120,0.730,1.09e+04,1.50e+04
peagle,train,1,1130,0.713,1.14e+04,1.60e+04
peagle,train,1,1140,0.699,1.04e+04,1.48e+04
peagle,train,1,1150,0.721,1.44e+04,1.99e+04
peagle,train,1,1160,0.684,1.16e+04,1.70e+04
peagle,train,1,1170,0.731,8.53e+03,1.17e+04
peagle,train,1,1180,0.728,1.25e+04,1.71e+04
peagle,train,1,1190,0.698,1.07e+04,1.54e+04
peagle,train,1,1200,0.692,7.09e+03,1.02e+04
peagle,train,1,1210,0.718,1.23e+04,1.71e+04
peagle,train,1,1220,0.754,1.01e+04,1.34e+04
peagle,train,1,1230,0.725,9.93e+03,1.37e+04
peagle,train,1,1240,0.739,1.54e+04,2.08e+04
peagle,train,1,1250,0.725,1.12e+04,1.54e+04
peagle,train,1,1260,0.728,1.37e+04,1.89e+04
peagle,train,1,1270,0.733,1.30e+04,1.77e+04
peagle,train,1,1280,0.750,8.83e+03,1.18e+04
peagle,train,1,1290,0.700,1.13e+04,1.62e+04
peagle,train,1,1300,0.717,1.16e+04,1.62e+04
peagle,train,1,1310,0.707,1.40e+04,1.98e+04
peagle,train,1,1320,0.752,8.13e+03,1.08e+04
peagle,train,1,1330,0.735,1.24e+04,1.68e+04
peagle,train,1,1340,0.726,7.85e+03,1.08e+04
peagle,train,1,1350,0.739,1.40e+04,1.89e+04
peagle,train,1,1360,0.720,1.16e+04,1.62e+04
peagle,train,1,1370,0.705,1.08e+04,1.54e+04
peagle,train,1,1380,0.716,9.64e+03,1.35e+04
peagle,train,1,1390,0.726,8.71e+03,1.20e+04
peagle,train,1,1400,0.707,1.02e+04,1.45e+04
peagle,train,1,1410,0.755,1.25e+04,1.65e+04
peagle,val,1,471,0.544,4.44e+05,8.17e+05
peagle,val,1,942,0.615,5.02e+05,8.17e+05
peagle,val,1,1413,0.639,5.22e+05,8.17e+05
peagle,train,2,0,0.00e+00,0.00e+00,1.43e+03
peagle,train,2,10,7.01e-04,1.000,1.43e+03
peagle,train,2,20,0.001,2.000,1.42e+03
peagle,train,2,30,0.004,5.000,1.43e+03
peagle,train,2,40,0.013,19.000,1.43e+03
peagle,train,2,50,0.007,10.000,1.43e+03
peagle,train,2,60,0.014,20.000,1.43e+03
peagle,train,2,70,0.013,18.000,1.43e+03
peagle,train,2,80,0.027,39.000,1.43e+03
peagle,train,2,90,0.034,48.000,1.43e+03
peagle,train,2,100,0.034,49.000,1.43e+03
peagle,train,2,110,0.031,44.000,1.43e+03
peagle,train,2,120,0.043,61.000,1.43e+03
peagle,train,2,130,0.055,79.000,1.42e+03
peagle,train,2,140,0.058,82.000,1.43e+03
peagle,train,2,150,0.054,77.000,1.43e+03
peagle,train,2,160,0.089,127.000,1.43e+03
peagle,train,2,170,0.080,114.000,1.43e+03
peagle,train,2,180,0.074,105.000,1.43e+03
peagle,train,2,190,0.098,140.000,1.43e+03
peagle,train,2,200,0.097,139.000,1.43e+03
peagle,train,2,210,0.098,140.000,1.43e+03
peagle,train,2,220,0.094,134.000,1.43e+03
peagle,train,2,230,0.095,135.000,1.43e+03
peagle,train,2,240,0.112,160.000,1.43e+03
peagle,train,2,250,0.089,127.000,1.43e+03
peagle,train,2,260,0.116,165.000,1.43e+03
peagle,train,2,270,0.141,202.000,1.43e+03
peagle,train,2,280,0.118,168.000,1.43e+03
peagle,train,2,290,0.131,187.000,1.43e+03
peagle,train,2,300,0.130,185.000,1.43e+03
peagle,train,2,310,0.135,193.000,1.43e+03
peagle,train,2,320,0.099,142.000,1.43e+03
peagle,train,2,330,0.158,225.000,1.42e+03
peagle,train,2,340,0.114,162.000,1.43e+03
peagle,train,2,350,0.168,240.000,1.43e+03
peagle,train,2,360,0.149,212.000,1.43e+03
peagle,train,2,370,0.123,176.000,1.43e+03
peagle,train,2,380,0.131,187.000,1.43e+03
peagle,train,2,390,0.143,204.000,1.43e+03
peagle,train,2,400,0.161,229.000,1.43e+03
peagle,train,2,410,0.167,238.000,1.43e+03
peagle,train,2,420,0.140,199.000,1.43e+03
peagle,train,2,430,0.174,248.000,1.43e+03
peagle,train,2,440,0.166,237.000,1.43e+03
peagle,train,2,450,0.168,240.000,1.43e+03
peagle,train,2,460,0.174,249.000,1.43e+03
peagle,train,2,470,0.157,224.000,1.43e+03
peagle,train,2,480,0.163,233.000,1.43e+03
peagle,train,2,490,0.198,283.000,1.43e+03
peagle,train,2,500,0.151,215.000,1.43e+03
peagle,train,2,510,0.139,198.000,1.43e+03
peagle,train,2,520,0.180,257.000,1.43e+03
peagle,train,2,530,0.170,242.000,1.43e+03
peagle,train,2,540,0.212,303.000,1.43e+03
peagle,train,2,550,0.189,270.000,1.43e+03
peagle,train,2,560,0.171,244.000,1.43e+03
peagle,train,2,570,0.165,235.000,1.43e+03
peagle,train,2,580,0.194,277.000,1.43e+03
peagle,train,2,590,0.188,269.000,1.43e+03
peagle,train,2,600,0.184,263.000,1.43e+03
peagle,train,2,610,0.181,258.000,1.43e+03
peagle,train,2,620,0.192,274.000,1.43e+03
peagle,train,2,630,0.172,245.000,1.43e+03
peagle,train,2,640,0.181,258.000,1.43e+03
peagle,train,2,650,0.150,214.000,1.43e+03
peagle,train,2,660,0.202,289.000,1.43e+03
peagle,train,2,670,0.186,266.000,1.43e+03
peagle,train,2,680,0.170,242.000,1.43e+03
peagle,train,2,690,0.234,334.000,1.43e+03
peagle,train,2,700,0.184,263.000,1.43e+03
peagle,train,2,710,0.202,289.000,1.43e+03
peagle,train,2,720,0.184,263.000,1.43e+03
peagle,train,2,730,0.257,367.000,1.43e+03
peagle,train,2,740,0.201,287.000,1.43e+03
peagle,train,2,750,0.209,299.000,1.43e+03
peagle,train,2,760,0.204,291.000,1.43e+03
peagle,train,2,770,0.191,273.000,1.43e+03
peagle,train,2,780,0.199,284.000,1.43e+03
peagle,train,2,790,0.225,322.000,1.43e+03
peagle,train,2,800,0.188,268.000,1.43e+03
peagle,train,2,810,0.232,331.000,1.43e+03
peagle,train,2,820,0.214,305.000,1.43e+03
peagle,train,2,830,0.206,294.000,1.43e+03
peagle,train,2,840,0.198,283.000,1.43e+03
peagle,train,2,850,0.239,341.000,1.43e+03
peagle,train,2,860,0.196,280.000,1.43e+03
peagle,train,2,870,0.261,373.000,1.43e+03
peagle,train,2,880,0.267,381.000,1.43e+03
peagle,train,2,890,0.242,345.000,1.43e+03
peagle,train,2,900,0.189,269.000,1.43e+03
peagle,train,2,910,0.237,338.000,1.43e+03
peagle,train,2,920,0.225,321.000,1.43e+03
peagle,train,2,930,0.237,338.000,1.43e+03
peagle,train,2,940,0.221,316.000,1.43e+03
peagle,train,2,950,0.252,360.000,1.43e+03
peagle,train,2,960,0.253,361.000,1.43e+03
peagle,train,2,970,0.273,390.000,1.43e+03
peagle,train,2,980,0.253,316.000,1.25e+03
peagle,train,2,990,0.245,350.000,1.43e+03
peagle,train,2,1000,0.260,371.000,1.43e+03
peagle,train,2,1010,0.295,421.000,1.43e+03
peagle,train,2,1020,0.240,342.000,1.43e+03
peagle,train,2,1030,0.294,420.000,1.43e+03
peagle,train,2,1040,0.264,377.000,1.43e+03
peagle,train,2,1050,0.243,347.000,1.43e+03
peagle,train,2,1060,0.235,335.000,1.43e+03
peagle,train,2,1070,0.213,304.000,1.43e+03
peagle,train,2,1080,0.249,355.000,1.43e+03
peagle,train,2,1090,0.235,336.000,1.43e+03
peagle,train,2,1100,0.242,345.000,1.43e+03
peagle,train,2,1110,0.292,416.000,1.43e+03
peagle,train,2,1120,0.273,390.000,1.43e+03
peagle,train,2,1130,0.263,375.000,1.43e+03
peagle,train,2,1140,0.254,363.000,1.43e+03
peagle,train,2,1150,0.259,370.000,1.43e+03
peagle,train,2,1160,0.214,306.000,1.43e+03
peagle,train,2,1170,0.298,425.000,1.43e+03
peagle,train,2,1180,0.247,353.000,1.43e+03
peagle,train,2,1190,0.224,320.000,1.43e+03
peagle,train,2,1200,0.243,343.000,1.41e+03
peagle,train,2,1210,0.231,329.000,1.43e+03
peagle,train,2,1220,0.299,427.000,1.43e+03
peagle,train,2,1230,0.280,399.000,1.42e+03
peagle,train,2,1240,0.230,329.000,1.43e+03
peagle,train,2,1250,0.279,398.000,1.43e+03
peagle,train,2,1260,0.254,363.000,1.43e+03
peagle,train,2,1270,0.274,391.000,1.43e+03
peagle,train,2,1280,0.308,440.000,1.43e+03
peagle,train,2,1290,0.241,344.000,1.43e+03
peagle,train,2,1300,0.239,341.000,1.43e+03
peagle,train,2,1310,0.250,357.000,1.43e+03
peagle,train,2,1320,0.345,492.000,1.43e+03
peagle,train,2,1330,0.283,404.000,1.43e+03
peagle,train,2,1340,0.266,380.000,1.43e+03
peagle,train,2,1350,0.268,382.000,1.43e+03
peagle,train,2,1360,0.261,373.000,1.43e+03
peagle,train,2,1370,0.267,381.000,1.43e+03
peagle,train,2,1380,0.281,401.000,1.43e+03
peagle,train,2,1390,0.263,375.000,1.43e+03
peagle,train,2,1400,0.220,314.000,1.43e+03
peagle,train,2,1410,0.255,363.000,1.43e+03
peagle,val,2,471,0.158,1.17e+04,7.42e+04
peagle,val,2,942,0.211,1.60e+04,7.56e+04
peagle,val,2,1413,0.237,1.80e+04,7.56e+04
peagle,train,3,0,0.00e+00,0.00e+00,994.000
peagle,train,3,10,0.00e+00,0.00e+00,995.000
peagle,train,3,20,0.00e+00,0.00e+00,995.000
peagle,train,3,30,0.00e+00,0.00e+00,996.000
peagle,train,3,40,0.001,1.000,995.000
peagle,train,3,50,0.00e+00,0.00e+00,996.000
peagle,train,3,60,0.00e+00,0.00e+00,995.000
peagle,train,3,70,0.00e+00,0.00e+00,996.000
peagle,train,3,80,0.00e+00,0.00e+00,994.000
peagle,train,3,90,0.00e+00,0.00e+00,996.000
peagle,train,3,100,0.00e+00,0.00e+00,995.000
peagle,train,3,110,0.00e+00,0.00e+00,995.000
peagle,train,3,120,0.00e+00,0.00e+00,995.000
peagle,train,3,130,0.00e+00,0.00e+00,996.000
peagle,train,3,140,0.002,2.000,995.000
peagle,train,3,150,0.00e+00,0.00e+00,995.000
peagle,train,3,160,0.001,1.000,994.000
peagle,train,3,170,0.006,6.000,996.000
peagle,train,3,180,0.002,2.000,994.000
peagle,train,3,190,0.011,11.000,996.000
peagle,train,3,200,0.008,8.000,995.000
peagle,train,3,210,0.010,10.000,994.000
peagle,train,3,220,0.007,7.000,995.000
peagle,train,3,230,0.008,8.000,995.000
peagle,train,3,240,0.014,14.000,994.000
peagle,train,3,250,0.014,14.000,995.000
peagle,train,3,260,0.017,17.000,995.000
peagle,train,3,270,0.021,21.000,994.000
peagle,train,3,280,0.014,14.000,995.000
peagle,train,3,290,0.018,18.000,996.000
peagle,train,3,300,0.029,29.000,996.000
peagle,train,3,310,0.020,20.000,996.000
peagle,train,3,320,0.018,18.000,994.000
peagle,train,3,330,0.039,39.000,994.000
peagle,train,3,340,0.015,15.000,995.000
peagle,train,3,350,0.039,39.000,995.000
peagle,train,3,360,0.024,24.000,995.000
peagle,train,3,370,0.014,14.000,994.000
peagle,train,3,380,0.021,21.000,995.000
peagle,train,3,390,0.036,36.000,995.000
peagle,train,3,400,0.030,30.000,996.000
peagle,train,3,410,0.028,28.000,995.000
peagle,train,3,420,0.033,33.000,996.000
peagle,train,3,430,0.034,34.000,996.000
peagle,train,3,440,0.029,29.000,996.000
peagle,train,3,450,0.039,39.000,995.000
peagle,train,3,460,0.040,40.000,996.000
peagle,train,3,470,0.029,29.000,996.000
peagle,train,3,480,0.039,39.000,996.000
peagle,train,3,490,0.045,45.000,995.000
peagle,train,3,500,0.019,19.000,994.000
peagle,train,3,510,0.018,18.000,995.000
peagle,train,3,520,0.033,33.000,996.000
peagle,train,3,530,0.040,40.000,996.000
peagle,train,3,540,0.056,56.000,995.000
peagle,train,3,550,0.035,35.000,994.000
peagle,train,3,560,0.026,26.000,996.000
peagle,train,3,570,0.040,40.000,995.000
peagle,train,3,580,0.064,64.000,995.000
peagle,train,3,590,0.064,64.000,996.000
peagle,train,3,600,0.043,43.000,995.000
peagle,train,3,610,0.032,32.000,995.000
peagle,train,3,620,0.053,53.000,996.000
peagle,train,3,630,0.042,42.000,996.000
peagle,train,3,640,0.037,37.000,995.000
peagle,train,3,650,0.025,25.000,996.000
peagle,train,3,660,0.059,59.000,994.000
peagle,train,3,670,0.035,35.000,996.000
peagle,train,3,680,0.037,37.000,995.000
peagle,train,3,690,0.072,72.000,994.000
peagle,train,3,700,0.039,39.000,996.000
peagle,train,3,710,0.052,52.000,996.000
peagle,train,3,720,0.035,35.000,995.000
peagle,train,3,730,0.081,81.000,994.000
peagle,train,3,740,0.067,67.000,995.000
peagle,train,3,750,0.062,62.000,996.000
peagle,train,3,760,0.050,50.000,996.000
peagle,train,3,770,0.034,34.000,996.000
peagle,train,3,780,0.057,57.000,995.000
peagle,train,3,790,0.054,54.000,994.000
peagle,train,3,800,0.043,43.000,995.000
peagle,train,3,810,0.077,77.000,996.000
peagle,train,3,820,0.062,62.000,996.000
peagle,train,3,830,0.057,57.000,996.000
peagle,train,3,840,0.054,54.000,993.000
peagle,train,3,850,0.103,103.000,996.000
peagle,train,3,860,0.050,50.000,995.000
peagle,train,3,870,0.087,87.000,995.000
peagle,train,3,880,0.082,82.000,995.000
peagle,train,3,890,0.064,64.000,995.000
peagle,train,3,900,0.048,48.000,996.000
peagle,train,3,910,0.074,74.000,995.000
peagle,train,3,920,0.070,70.000,996.000
peagle,train,3,930,0.072,72.000,996.000
peagle,train,3,940,0.056,56.000,995.000
peagle,train,3,950,0.075,75.000,996.000
peagle,train,3,960,0.072,72.000,995.000
peagle,train,3,970,0.063,63.000,994.000
peagle,train,3,980,0.069,60.000,871.000
peagle,train,3,990,0.047,47.000,995.000
peagle,train,3,1000,0.074,74.000,996.000
peagle,train,3,1010,0.094,94.000,996.000
peagle,train,3,1020,0.063,63.000,996.000
peagle,train,3,1030,0.105,104.000,994.000
peagle,train,3,1040,0.067,67.000,995.000
peagle,train,3,1050,0.074,73.000,993.000
peagle,train,3,1060,0.063,63.000,996.000
peagle,train,3,1070,0.049,49.000,996.000
peagle,train,3,1080,0.062,62.000,995.000
peagle,train,3,1090,0.072,72.000,996.000
peagle,train,3,1100,0.074,74.000,995.000
peagle,train,3,1110,0.090,89.000,994.000
peagle,train,3,1120,0.076,76.000,994.000
peagle,train,3,1130,0.074,74.000,996.000
peagle,train,3,1140,0.059,59.000,996.000
peagle,train,3,1150,0.074,74.000,995.000
peagle,train,3,1160,0.049,49.000,996.000
peagle,train,3,1170,0.104,103.000,995.000
peagle,train,3,1180,0.067,67.000,996.000
peagle,train,3,1190,0.061,61.000,996.000
peagle,train,3,1200,0.072,71.000,986.000
peagle,train,3,1210,0.058,58.000,996.000
peagle,train,3,1220,0.100,100.000,996.000
peagle,train,3,1230,0.098,98.000,996.000
peagle,train,3,1240,0.054,54.000,996.000
peagle,train,3,1250,0.082,82.000,995.000
peagle,train,3,1260,0.081,81.000,995.000
peagle,train,3,1270,0.058,58.000,996.000
peagle,train,3,1280,0.096,96.000,995.000
peagle,train,3,1290,0.057,57.000,996.000
peagle,train,3,1300,0.071,71.000,996.000
peagle,train,3,1310,0.065,65.000,996.000
peagle,train,3,1320,0.151,150.000,996.000
peagle,train,3,1330,0.082,82.000,995.000
peagle,train,3,1340,0.096,96.000,996.000
peagle,train,3,1350,0.078,78.000,996.000
peagle,train,3,1360,0.076,75.000,993.000
peagle,train,3,1370,0.074,74.000,994.000
peagle,train,3,1380,0.095,94.000,994.000
peagle,train,3,1390,0.086,85.000,994.000
peagle,train,3,1400,0.055,55.000,996.000
peagle,train,3,1410,0.082,82.000,996.000
peagle,val,3,471,0.034,1.75e+03,5.18e+04
peagle,val,3,942,0.058,3.08e+03,5.28e+04
peagle,val,3,1413,0.073,3.83e+03,5.27e+04
dflash,train,1,0,0.00e+00,0.00e+00,2.05e+03
dflash,train,1,10,0.042,85.000,2.05e+03
dflash,train,1,20,0.045,93.000,2.05e+03
dflash,train,1,30,0.079,161.000,2.05e+03
dflash,train,1,40,0.136,279.000,2.05e+03
dflash,train,1,50,0.131,269.000,2.05e+03
dflash,train,1,60,0.183,375.000,2.05e+03
dflash,train,1,70,0.207,424.000,2.05e+03
dflash,train,1,80,0.237,485.000,2.05e+03
dflash,train,1,90,0.278,569.000,2.05e+03
dflash,train,1,100,0.232,475.000,2.05e+03
dflash,train,1,110,0.291,595.000,2.05e+03
dflash,train,1,120,0.351,719.000,2.05e+03
dflash,train,1,130,0.292,597.000,2.05e+03
dflash,train,1,140,0.318,651.000,2.05e+03
dflash,train,1,150,0.336,688.000,2.05e+03
dflash,train,1,160,0.356,728.000,2.04e+03
dflash,train,1,170,0.326,667.000,2.05e+03
dflash,train,1,180,0.333,683.000,2.05e+03
dflash,train,1,190,0.368,753.000,2.05e+03
dflash,train,1,200,0.387,792.000,2.05e+03
dflash,train,1,210,0.397,812.000,2.04e+03
dflash,train,1,220,0.376,769.000,2.05e+03
dflash,train,1,230,0.393,805.000,2.05e+03
dflash,train,1,240,0.422,862.000,2.04e+03
dflash,train,1,250,0.419,857.000,2.05e+03
dflash,train,1,260,0.427,875.000,2.05e+03
dflash,train,1,270,0.430,881.000,2.05e+03
dflash,train,1,280,0.461,942.000,2.04e+03
dflash,train,1,290,0.431,882.000,2.05e+03
dflash,train,1,300,0.433,885.000,2.05e+03
dflash,train,1,310,0.442,904.000,2.05e+03
dflash,train,1,320,0.420,860.000,2.05e+03
dflash,train,1,330,0.445,912.000,2.05e+03
dflash,train,1,340,0.434,889.000,2.05e+03
dflash,train,1,350,0.488,998.000,2.05e+03
dflash,train,1,360,0.452,923.000,2.04e+03
dflash,train,1,370,0.431,882.000,2.05e+03
dflash,train,1,380,0.449,919.000,2.04e+03
dflash,train,1,390,0.459,939.000,2.05e+03
dflash,train,1,400,0.485,993.000,2.05e+03
dflash,train,1,410,0.497,1.02e+03,2.05e+03
dflash,train,1,420,0.479,981.000,2.05e+03
dflash,train,1,430,0.508,1.04e+03,2.05e+03
dflash,train,1,440,0.507,1.04e+03,2.05e+03
dflash,train,1,450,0.516,1.06e+03,2.04e+03
dflash,train,1,460,0.500,1.02e+03,2.05e+03
dflash,train,1,470,0.491,1.00e+03,2.05e+03
dflash,train,1,480,0.491,1.00e+03,2.05e+03
dflash,train,1,490,0.505,1.03e+03,2.05e+03
dflash,train,1,500,0.492,1.01e+03,2.05e+03
dflash,train,1,510,0.469,961.000,2.05e+03
dflash,train,1,520,0.513,1.05e+03,2.04e+03
dflash,train,1,530,0.505,1.03e+03,2.05e+03
dflash,train,1,540,0.526,1.08e+03,2.05e+03
dflash,train,1,550,0.544,1.12e+03,2.05e+03
dflash,train,1,560,0.528,1.08e+03,2.04e+03
dflash,train,1,570,0.543,1.11e+03,2.05e+03
dflash,train,1,580,0.532,1.09e+03,2.05e+03
dflash,train,1,590,0.524,1.07e+03,2.05e+03
dflash,train,1,600,0.529,1.08e+03,2.05e+03
dflash,train,1,610,0.530,1.08e+03,2.05e+03
dflash,train,1,620,0.528,1.08e+03,2.05e+03
dflash,train,1,630,0.539,1.10e+03,2.04e+03
dflash,train,1,640,0.516,1.06e+03,2.05e+03
dflash,train,1,650,0.513,1.05e+03,2.05e+03
dflash,train,1,660,0.567,1.16e+03,2.05e+03
dflash,train,1,670,0.513,1.05e+03,2.05e+03
dflash,train,1,680,0.517,1.06e+03,2.05e+03
dflash,train,1,690,0.575,1.18e+03,2.05e+03
dflash,train,1,700,0.538,1.10e+03,2.05e+03
dflash,train,1,710,0.531,1.09e+03,2.05e+03
dflash,train,1,720,0.521,1.07e+03,2.05e+03
dflash,train,1,730,0.571,1.17e+03,2.05e+03
dflash,train,1,740,0.547,1.12e+03,2.05e+03
dflash,train,1,750,0.531,1.09e+03,2.05e+03
dflash,train,1,760,0.551,1.13e+03,2.05e+03
dflash,train,1,770,0.527,1.08e+03,2.05e+03
dflash,train,1,780,0.548,1.12e+03,2.05e+03
dflash,train,1,790,0.532,1.09e+03,2.05e+03
dflash,train,1,800,0.532,1.09e+03,2.05e+03
dflash,train,1,810,0.582,1.19e+03,2.05e+03
dflash,train,1,820,0.599,1.22e+03,2.04e+03
dflash,train,1,830,0.536,1.10e+03,2.05e+03
dflash,train,1,840,0.550,1.13e+03,2.05e+03
dflash,train,1,850,0.551,1.13e+03,2.05e+03
dflash,train,1,860,0.562,1.15e+03,2.05e+03
dflash,train,1,870,0.599,1.23e+03,2.05e+03
dflash,train,1,880,0.584,1.20e+03,2.05e+03
dflash,train,1,890,0.593,1.22e+03,2.05e+03
dflash,train,1,900,0.567,1.16e+03,2.05e+03
dflash,train,1,910,0.585,1.20e+03,2.05e+03
dflash,train,1,920,0.596,1.22e+03,2.05e+03
dflash,train,1,930,0.598,1.22e+03,2.05e+03
dflash,train,1,940,0.561,1.15e+03,2.05e+03
dflash,train,1,950,0.598,1.22e+03,2.05e+03
dflash,train,1,960,0.612,1.25e+03,2.05e+03
dflash,train,1,970,0.624,1.28e+03,2.05e+03
dflash,train,1,980,0.618,1.10e+03,1.77e+03
dflash,train,1,990,0.632,1.29e+03,2.05e+03
dflash,train,1,1000,0.633,1.29e+03,2.04e+03
dflash,train,1,1010,0.635,1.30e+03,2.05e+03
dflash,train,1,1020,0.606,1.24e+03,2.05e+03
dflash,train,1,1030,0.639,1.31e+03,2.05e+03
dflash,train,1,1040,0.659,1.35e+03,2.05e+03
dflash,train,1,1050,0.605,1.24e+03,2.05e+03
dflash,train,1,1060,0.624,1.28e+03,2.05e+03
dflash,train,1,1070,0.615,1.26e+03,2.05e+03
dflash,train,1,1080,0.619,1.26e+03,2.04e+03
dflash,train,1,1090,0.626,1.28e+03,2.04e+03
dflash,train,1,1100,0.628,1.29e+03,2.05e+03
dflash,train,1,1110,0.638,1.31e+03,2.05e+03
dflash,train,1,1120,0.641,1.31e+03,2.05e+03
dflash,train,1,1130,0.630,1.29e+03,2.05e+03
dflash,train,1,1140,0.612,1.25e+03,2.04e+03
dflash,train,1,1150,0.627,1.28e+03,2.05e+03
dflash,train,1,1160,0.596,1.22e+03,2.05e+03
dflash,train,1,1170,0.659,1.35e+03,2.05e+03
dflash,train,1,1180,0.639,1.31e+03,2.05e+03
dflash,train,1,1190,0.613,1.25e+03,2.04e+03
dflash,train,1,1200,0.616,1.25e+03,2.03e+03
dflash,train,1,1210,0.634,1.30e+03,2.05e+03
dflash,train,1,1220,0.677,1.38e+03,2.05e+03
dflash,train,1,1230,0.615,1.26e+03,2.05e+03
dflash,train,1,1240,0.647,1.32e+03,2.05e+03
dflash,train,1,1250,0.648,1.33e+03,2.05e+03
dflash,train,1,1260,0.625,1.28e+03,2.05e+03
dflash,train,1,1270,0.639,1.31e+03,2.05e+03
dflash,train,1,1280,0.681,1.39e+03,2.05e+03
dflash,train,1,1290,0.621,1.27e+03,2.05e+03
dflash,train,1,1300,0.638,1.31e+03,2.05e+03
dflash,train,1,1310,0.657,1.34e+03,2.05e+03
dflash,train,1,1320,0.673,1.38e+03,2.05e+03
dflash,train,1,1330,0.657,1.34e+03,2.05e+03
dflash,train,1,1340,0.643,1.32e+03,2.05e+03
dflash,train,1,1350,0.663,1.36e+03,2.05e+03
dflash,train,1,1360,0.636,1.30e+03,2.04e+03
dflash,train,1,1370,0.620,1.27e+03,2.05e+03
dflash,train,1,1380,0.642,1.32e+03,2.05e+03
dflash,train,1,1390,0.658,1.35e+03,2.05e+03
dflash,train,1,1400,0.629,1.29e+03,2.05e+03
dflash,train,1,1410,0.675,1.38e+03,2.05e+03
dflash,val,1,471,0.488,5.19e+04,1.06e+05
dflash,val,1,942,0.565,6.13e+04,1.08e+05
dflash,val,1,1413,0.605,6.56e+04,1.08e+05
dflash,train,2,0,0.00e+00,0.00e+00,2.05e+03
dflash,train,2,10,0.00e+00,0.00e+00,2.04e+03
dflash,train,2,20,0.00e+00,0.00e+00,2.04e+03
dflash,train,2,30,9.77e-04,2.000,2.05e+03
dflash,train,2,40,0.006,12.000,2.04e+03
dflash,train,2,50,0.011,23.000,2.04e+03
dflash,train,2,60,0.016,32.000,2.04e+03
dflash,train,2,70,0.026,53.000,2.05e+03
dflash,train,2,80,0.047,97.000,2.04e+03
dflash,train,2,90,0.073,149.000,2.04e+03
dflash,train,2,100,0.056,115.000,2.04e+03
dflash,train,2,110,0.078,159.000,2.05e+03
dflash,train,2,120,0.064,130.000,2.05e+03
dflash,train,2,130,0.082,167.000,2.05e+03
dflash,train,2,140,0.078,160.000,2.04e+03
dflash,train,2,150,0.096,197.000,2.05e+03
dflash,train,2,160,0.120,245.000,2.04e+03
dflash,train,2,170,0.083,169.000,2.05e+03
dflash,train,2,180,0.098,200.000,2.05e+03
dflash,train,2,190,0.111,226.000,2.04e+03
dflash,train,2,200,0.122,250.000,2.04e+03
dflash,train,2,210,0.131,267.000,2.04e+03
dflash,train,2,220,0.122,249.000,2.04e+03
dflash,train,2,230,0.127,259.000,2.05e+03
dflash,train,2,240,0.152,311.000,2.04e+03
dflash,train,2,250,0.151,309.000,2.04e+03
dflash,train,2,260,0.152,311.000,2.04e+03
dflash,train,2,270,0.164,335.000,2.04e+03
dflash,train,2,280,0.178,363.000,2.04e+03
dflash,train,2,290,0.152,311.000,2.05e+03
dflash,train,2,300,0.157,322.000,2.04e+03
dflash,train,2,310,0.159,326.000,2.05e+03
dflash,train,2,320,0.129,265.000,2.05e+03
dflash,train,2,330,0.173,354.000,2.04e+03
dflash,train,2,340,0.147,300.000,2.04e+03
dflash,train,2,350,0.197,403.000,2.05e+03
dflash,train,2,360,0.173,353.000,2.04e+03
dflash,train,2,370,0.151,309.000,2.04e+03
dflash,train,2,380,0.158,323.000,2.04e+03
dflash,train,2,390,0.165,337.000,2.04e+03
dflash,train,2,400,0.200,408.000,2.04e+03
dflash,train,2,410,0.214,437.000,2.04e+03
dflash,train,2,420,0.185,379.000,2.05e+03
dflash,train,2,430,0.205,419.000,2.05e+03
dflash,train,2,440,0.212,434.000,2.04e+03
dflash,train,2,450,0.212,433.000,2.04e+03
dflash,train,2,460,0.206,421.000,2.05e+03
dflash,train,2,470,0.191,390.000,2.04e+03
dflash,train,2,480,0.190,388.000,2.05e+03
dflash,train,2,490,0.226,462.000,2.04e+03
dflash,train,2,500,0.189,386.000,2.05e+03
dflash,train,2,510,0.155,318.000,2.05e+03
dflash,train,2,520,0.220,449.000,2.04e+03
dflash,train,2,530,0.204,418.000,2.05e+03
dflash,train,2,540,0.239,490.000,2.05e+03
dflash,train,2,550,0.249,509.000,2.05e+03
dflash,train,2,560,0.219,448.000,2.04e+03
dflash,train,2,570,0.235,481.000,2.05e+03
dflash,train,2,580,0.239,489.000,2.05e+03
dflash,train,2,590,0.236,484.000,2.05e+03
dflash,train,2,600,0.220,449.000,2.04e+03
dflash,train,2,610,0.224,459.000,2.05e+03
dflash,train,2,620,0.251,514.000,2.05e+03
dflash,train,2,630,0.215,440.000,2.04e+03
dflash,train,2,640,0.214,438.000,2.04e+03
dflash,train,2,650,0.208,426.000,2.05e+03
dflash,train,2,660,0.279,571.000,2.04e+03
dflash,train,2,670,0.221,452.000,2.05e+03
dflash,train,2,680,0.219,448.000,2.05e+03
dflash,train,2,690,0.262,536.000,2.05e+03
dflash,train,2,700,0.243,498.000,2.05e+03
dflash,train,2,710,0.235,482.000,2.05e+03
dflash,train,2,720,0.210,430.000,2.04e+03
dflash,train,2,730,0.273,558.000,2.04e+03
dflash,train,2,740,0.260,532.000,2.05e+03
dflash,train,2,750,0.230,472.000,2.05e+03
dflash,train,2,760,0.258,528.000,2.05e+03
dflash,train,2,770,0.221,453.000,2.05e+03
dflash,train,2,780,0.245,502.000,2.05e+03
dflash,train,2,790,0.243,498.000,2.05e+03
dflash,train,2,800,0.215,440.000,2.04e+03
dflash,train,2,810,0.298,609.000,2.05e+03
dflash,train,2,820,0.283,578.000,2.04e+03
dflash,train,2,830,0.255,522.000,2.05e+03
dflash,train,2,840,0.253,518.000,2.05e+03
dflash,train,2,850,0.268,549.000,2.05e+03
dflash,train,2,860,0.251,514.000,2.05e+03
dflash,train,2,870,0.315,644.000,2.05e+03
dflash,train,2,880,0.288,588.000,2.04e+03
dflash,train,2,890,0.308,630.000,2.05e+03
dflash,train,2,900,0.269,551.000,2.05e+03
dflash,train,2,910,0.286,584.000,2.04e+03
dflash,train,2,920,0.295,604.000,2.05e+03
dflash,train,2,930,0.292,596.000,2.04e+03
dflash,train,2,940,0.260,531.000,2.04e+03
dflash,train,2,950,0.298,610.000,2.05e+03
dflash,train,2,960,0.308,630.000,2.05e+03
dflash,train,2,970,0.325,664.000,2.05e+03
dflash,train,2,980,0.321,569.000,1.77e+03
dflash,train,2,990,0.331,676.000,2.04e+03
dflash,train,2,1000,0.323,661.000,2.04e+03
dflash,train,2,1010,0.349,715.000,2.05e+03
dflash,train,2,1020,0.296,605.000,2.05e+03
dflash,train,2,1030,0.348,712.000,2.05e+03
dflash,train,2,1040,0.326,668.000,2.05e+03
dflash,train,2,1050,0.303,620.000,2.04e+03
dflash,train,2,1060,0.311,636.000,2.04e+03
dflash,train,2,1070,0.299,611.000,2.04e+03
dflash,train,2,1080,0.332,678.000,2.04e+03
dflash,train,2,1090,0.320,654.000,2.04e+03
dflash,train,2,1100,0.340,697.000,2.05e+03
dflash,train,2,1110,0.359,734.000,2.05e+03
dflash,train,2,1120,0.319,654.000,2.05e+03
dflash,train,2,1130,0.327,669.000,2.05e+03
dflash,train,2,1140,0.297,606.000,2.04e+03
dflash,train,2,1150,0.321,657.000,2.05e+03
dflash,train,2,1160,0.284,582.000,2.05e+03
dflash,train,2,1170,0.372,761.000,2.05e+03
dflash,train,2,1180,0.343,702.000,2.05e+03
dflash,train,2,1190,0.309,631.000,2.04e+03
dflash,train,2,1200,0.310,628.000,2.03e+03
dflash,train,2,1210,0.308,631.000,2.05e+03
dflash,train,2,1220,0.378,774.000,2.05e+03
dflash,train,2,1230,0.327,669.000,2.05e+03
dflash,train,2,1240,0.357,731.000,2.05e+03
dflash,train,2,1250,0.376,768.000,2.04e+03
dflash,train,2,1260,0.329,674.000,2.05e+03
dflash,train,2,1270,0.350,715.000,2.04e+03
dflash,train,2,1280,0.389,795.000,2.05e+03
dflash,train,2,1290,0.326,668.000,2.05e+03
dflash,train,2,1300,0.327,668.000,2.04e+03
dflash,train,2,1310,0.347,709.000,2.04e+03
dflash,train,2,1320,0.425,868.000,2.04e+03
dflash,train,2,1330,0.364,745.000,2.05e+03
dflash,train,2,1340,0.351,719.000,2.05e+03
dflash,train,2,1350,0.381,780.000,2.05e+03
dflash,train,2,1360,0.333,682.000,2.04e+03
dflash,train,2,1370,0.332,679.000,2.04e+03
dflash,train,2,1380,0.358,732.000,2.05e+03
dflash,train,2,1390,0.357,730.000,2.05e+03
dflash,train,2,1400,0.322,660.000,2.05e+03
dflash,train,2,1410,0.375,767.000,2.05e+03
dflash,val,2,471,0.197,2.09e+04,1.06e+05
dflash,val,2,942,0.264,2.86e+04,1.08e+05
dflash,val,2,1413,0.310,3.36e+04,1.08e+05
dflash,train,3,0,0.00e+00,0.00e+00,2.04e+03
dflash,train,3,10,0.00e+00,0.00e+00,2.04e+03
dflash,train,3,20,0.00e+00,0.00e+00,2.04e+03
dflash,train,3,30,0.00e+00,0.00e+00,2.05e+03
dflash,train,3,40,0.00e+00,0.00e+00,2.04e+03
dflash,train,3,50,0.002,4.000,2.04e+03
dflash,train,3,60,9.79e-04,2.000,2.04e+03
dflash,train,3,70,0.004,8.000,2.04e+03
dflash,train,3,80,0.009,18.000,2.04e+03
dflash,train,3,90,0.019,38.000,2.04e+03
dflash,train,3,100,0.012,24.000,2.04e+03
dflash,train,3,110,0.015,31.000,2.04e+03
dflash,train,3,120,0.014,28.000,2.04e+03
dflash,train,3,130,0.023,46.000,2.04e+03
dflash,train,3,140,0.019,39.000,2.04e+03
dflash,train,3,150,0.029,59.000,2.04e+03
dflash,train,3,160,0.048,99.000,2.04e+03
dflash,train,3,170,0.017,34.000,2.05e+03
dflash,train,3,180,0.027,56.000,2.05e+03
dflash,train,3,190,0.035,72.000,2.04e+03
dflash,train,3,200,0.049,101.000,2.04e+03
dflash,train,3,210,0.046,93.000,2.04e+03
dflash,train,3,220,0.038,77.000,2.04e+03
dflash,train,3,230,0.051,105.000,2.05e+03
dflash,train,3,240,0.049,100.000,2.04e+03
dflash,train,3,250,0.051,104.000,2.04e+03
dflash,train,3,260,0.059,120.000,2.04e+03
dflash,train,3,270,0.065,133.000,2.04e+03
dflash,train,3,280,0.060,123.000,2.04e+03
dflash,train,3,290,0.045,92.000,2.04e+03
dflash,train,3,300,0.066,134.000,2.04e+03
dflash,train,3,310,0.055,112.000,2.05e+03
dflash,train,3,320,0.045,93.000,2.05e+03
dflash,train,3,330,0.077,158.000,2.04e+03
dflash,train,3,340,0.050,102.000,2.04e+03
dflash,train,3,350,0.081,166.000,2.04e+03
dflash,train,3,360,0.073,149.000,2.04e+03
dflash,train,3,370,0.048,98.000,2.04e+03
dflash,train,3,380,0.067,137.000,2.04e+03
dflash,train,3,390,0.069,140.000,2.04e+03
dflash,train,3,400,0.076,156.000,2.04e+03
dflash,train,3,410,0.099,203.000,2.04e+03
dflash,train,3,420,0.063,128.000,2.05e+03
dflash,train,3,430,0.092,188.000,2.05e+03
dflash,train,3,440,0.098,200.000,2.04e+03
dflash,train,3,450,0.087,177.000,2.04e+03
dflash,train,3,460,0.093,191.000,2.04e+03
dflash,train,3,470,0.078,160.000,2.04e+03
dflash,train,3,480,0.071,146.000,2.05e+03
dflash,train,3,490,0.099,203.000,2.04e+03
dflash,train,3,500,0.070,143.000,2.04e+03
dflash,train,3,510,0.054,110.000,2.05e+03
dflash,train,3,520,0.088,179.000,2.04e+03
dflash,train,3,530,0.081,166.000,2.04e+03
dflash,train,3,540,0.115,235.000,2.04e+03
dflash,train,3,550,0.107,219.000,2.04e+03
dflash,train,3,560,0.087,178.000,2.04e+03
dflash,train,3,570,0.099,203.000,2.05e+03
dflash,train,3,580,0.114,234.000,2.04e+03
dflash,train,3,590,0.102,209.000,2.05e+03
dflash,train,3,600,0.100,205.000,2.04e+03
dflash,train,3,610,0.083,170.000,2.05e+03
dflash,train,3,620,0.112,229.000,2.04e+03
dflash,train,3,630,0.089,182.000,2.04e+03
dflash,train,3,640,0.089,181.000,2.04e+03
dflash,train,3,650,0.071,146.000,2.04e+03
dflash,train,3,660,0.119,243.000,2.04e+03
dflash,train,3,670,0.085,173.000,2.04e+03
dflash,train,3,680,0.090,184.000,2.04e+03
dflash,train,3,690,0.125,256.000,2.04e+03
dflash,train,3,700,0.106,216.000,2.04e+03
dflash,train,3,710,0.089,183.000,2.04e+03
dflash,train,3,720,0.078,160.000,2.04e+03
dflash,train,3,730,0.132,269.000,2.04e+03
dflash,train,3,740,0.108,221.000,2.05e+03
dflash,train,3,750,0.112,228.000,2.04e+03
dflash,train,3,760,0.114,233.000,2.05e+03
dflash,train,3,770,0.086,176.000,2.04e+03
dflash,train,3,780,0.104,212.000,2.05e+03
dflash,train,3,790,0.101,207.000,2.04e+03
dflash,train,3,800,0.081,165.000,2.04e+03
dflash,train,3,810,0.141,289.000,2.05e+03
dflash,train,3,820,0.147,300.000,2.04e+03
dflash,train,3,830,0.119,244.000,2.05e+03
dflash,train,3,840,0.105,215.000,2.04e+03
dflash,train,3,850,0.137,281.000,2.04e+03
dflash,train,3,860,0.110,224.000,2.04e+03
dflash,train,3,870,0.151,309.000,2.04e+03
dflash,train,3,880,0.164,335.000,2.04e+03
dflash,train,3,890,0.159,326.000,2.05e+03
dflash,train,3,900,0.116,238.000,2.04e+03
dflash,train,3,910,0.138,281.000,2.04e+03
dflash,train,3,920,0.150,307.000,2.04e+03
dflash,train,3,930,0.136,278.000,2.04e+03
dflash,train,3,940,0.127,259.000,2.04e+03
dflash,train,3,950,0.143,293.000,2.05e+03
dflash,train,3,960,0.150,307.000,2.04e+03
dflash,train,3,970,0.150,306.000,2.04e+03
dflash,train,3,980,0.161,286.000,1.77e+03
dflash,train,3,990,0.157,320.000,2.04e+03
dflash,train,3,1000,0.158,323.000,2.04e+03
dflash,train,3,1010,0.184,377.000,2.05e+03
dflash,train,3,1020,0.150,306.000,2.05e+03
dflash,train,3,1030,0.191,391.000,2.04e+03
dflash,train,3,1040,0.149,305.000,2.04e+03
dflash,train,3,1050,0.141,289.000,2.04e+03
dflash,train,3,1060,0.157,321.000,2.04e+03
dflash,train,3,1070,0.119,243.000,2.04e+03
dflash,train,3,1080,0.174,356.000,2.04e+03
dflash,train,3,1090,0.152,311.000,2.04e+03
dflash,train,3,1100,0.166,340.000,2.05e+03
dflash,train,3,1110,0.202,413.000,2.04e+03
dflash,train,3,1120,0.161,329.000,2.05e+03
dflash,train,3,1130,0.166,340.000,2.05e+03
dflash,train,3,1140,0.137,280.000,2.04e+03
dflash,train,3,1150,0.158,323.000,2.04e+03
dflash,train,3,1160,0.121,247.000,2.05e+03
dflash,train,3,1170,0.203,416.000,2.04e+03
dflash,train,3,1180,0.163,334.000,2.04e+03
dflash,train,3,1190,0.158,323.000,2.04e+03
dflash,train,3,1200,0.155,313.000,2.02e+03
dflash,train,3,1210,0.144,295.000,2.04e+03
dflash,train,3,1220,0.200,408.000,2.04e+03
dflash,train,3,1230,0.182,371.000,2.04e+03
dflash,train,3,1240,0.179,367.000,2.05e+03
dflash,train,3,1250,0.204,416.000,2.04e+03
dflash,train,3,1260,0.164,336.000,2.04e+03
dflash,train,3,1270,0.169,345.000,2.04e+03
dflash,train,3,1280,0.217,444.000,2.04e+03
dflash,train,3,1290,0.172,352.000,2.04e+03
dflash,train,3,1300,0.169,345.000,2.04e+03
dflash,train,3,1310,0.175,358.000,2.04e+03
dflash,train,3,1320,0.272,555.000,2.04e+03
dflash,train,3,1330,0.185,377.000,2.04e+03
dflash,train,3,1340,0.181,370.000,2.04e+03
dflash,train,3,1350,0.204,416.000,2.04e+03
dflash,train,3,1360,0.173,353.000,2.04e+03
dflash,train,3,1370,0.173,353.000,2.04e+03
dflash,train,3,1380,0.185,379.000,2.04e+03
dflash,train,3,1390,0.189,386.000,2.04e+03
dflash,train,3,1400,0.152,312.000,2.05e+03
dflash,train,3,1410,0.188,384.000,2.05e+03
dflash,val,3,471,0.081,8.60e+03,1.06e+05
dflash,val,3,942,0.123,1.33e+04,1.08e+05
dflash,val,3,1413,0.153,1.65e+04,1.08e+05
dflash2,train,1,0,0.00e+00,0.00e+00,2.05e+03
dflash2,train,1,10,0.006,13.000,2.05e+03
dflash2,train,1,20,0.058,118.000,2.05e+03
dflash2,train,1,30,0.116,238.000,2.05e+03
dflash2,train,1,40,0.157,322.000,2.05e+03
dflash2,train,1,50,0.168,343.000,2.05e+03
dflash2,train,1,60,0.188,385.000,2.05e+03
dflash2,train,1,70,0.217,444.000,2.05e+03
dflash2,train,1,80,0.236,483.000,2.05e+03
dflash2,train,1,90,0.265,542.000,2.05e+03
dflash2,train,1,100,0.241,492.000,2.04e+03
dflash2,train,1,110,0.283,579.000,2.05e+03
dflash2,train,1,120,0.238,487.000,2.05e+03
dflash2,train,1,130,0.313,642.000,2.05e+03
dflash2,train,1,140,0.322,660.000,2.05e+03
dflash2,train,1,150,0.318,650.000,2.05e+03
dflash2,train,1,160,0.356,729.000,2.05e+03
dflash2,train,1,170,0.323,661.000,2.05e+03
dflash2,train,1,180,0.335,685.000,2.05e+03
dflash2,train,1,190,0.346,709.000,2.05e+03
dflash2,train,1,200,0.370,756.000,2.05e+03
dflash2,train,1,210,0.375,768.000,2.05e+03
dflash2,train,1,220,0.349,715.000,2.05e+03
dflash2,train,1,230,0.391,800.000,2.05e+03
dflash2,train,1,240,0.379,775.000,2.05e+03
dflash2,train,1,250,0.409,837.000,2.05e+03
dflash2,train,1,260,0.411,840.000,2.04e+03
dflash2,train,1,270,0.419,857.000,2.05e+03
dflash2,train,1,280,0.417,853.000,2.05e+03
dflash2,train,1,290,0.404,826.000,2.05e+03
dflash2,train,1,300,0.424,868.000,2.05e+03
dflash2,train,1,310,0.393,803.000,2.04e+03
dflash2,train,1,320,0.397,811.000,2.04e+03
dflash2,train,1,330,0.408,836.000,2.05e+03
dflash2,train,1,340,0.401,821.000,2.05e+03
dflash2,train,1,350,0.470,962.000,2.05e+03
dflash2,train,1,360,0.429,879.000,2.05e+03
dflash2,train,1,370,0.415,849.000,2.04e+03
dflash2,train,1,380,0.407,833.000,2.05e+03
dflash2,train,1,390,0.432,885.000,2.05e+03
dflash2,train,1,400,0.467,955.000,2.05e+03
dflash2,train,1,410,0.444,910.000,2.05e+03
dflash2,train,1,420,0.433,886.000,2.05e+03
dflash2,train,1,430,0.490,1.00e+03,2.05e+03
dflash2,train,1,440,0.459,938.000,2.04e+03
dflash2,train,1,450,0.471,964.000,2.05e+03
dflash2,train,1,460,0.456,933.000,2.05e+03
dflash2,train,1,470,0.450,922.000,2.05e+03
dflash2,train,1,480,0.505,1.03e+03,2.05e+03
dflash2,train,1,490,0.488,998.000,2.05e+03
dflash2,train,1,500,0.488,998.000,2.05e+03
dflash2,train,1,510,0.443,907.000,2.05e+03
dflash2,train,1,520,0.488,999.000,2.05e+03
dflash2,train,1,530,0.473,969.000,2.05e+03
dflash2,train,1,540,0.493,1.01e+03,2.05e+03
dflash2,train,1,550,0.495,1.01e+03,2.05e+03
dflash2,train,1,560,0.468,959.000,2.05e+03
dflash2,train,1,570,0.485,994.000,2.05e+03
dflash2,train,1,580,0.503,1.03e+03,2.05e+03
dflash2,train,1,590,0.493,1.01e+03,2.05e+03
dflash2,train,1,600,0.511,1.05e+03,2.05e+03
dflash2,train,1,610,0.526,1.08e+03,2.05e+03
dflash2,train,1,620,0.519,1.06e+03,2.05e+03
dflash2,train,1,630,0.494,1.01e+03,2.05e+03
dflash2,train,1,640,0.500,1.02e+03,2.04e+03
dflash2,train,1,650,0.488,998.000,2.05e+03
dflash2,train,1,660,0.528,1.08e+03,2.05e+03
dflash2,train,1,670,0.504,1.03e+03,2.05e+03
dflash2,train,1,680,0.478,979.000,2.05e+03
dflash2,train,1,690,0.536,1.10e+03,2.05e+03
dflash2,train,1,700,0.505,1.03e+03,2.05e+03
dflash2,train,1,710,0.529,1.08e+03,2.05e+03
dflash2,train,1,720,0.506,1.03e+03,2.04e+03
dflash2,train,1,730,0.555,1.14e+03,2.05e+03
dflash2,train,1,740,0.514,1.05e+03,2.05e+03
dflash2,train,1,750,0.500,1.02e+03,2.05e+03
dflash2,train,1,760,0.545,1.12e+03,2.05e+03
dflash2,train,1,770,0.501,1.03e+03,2.05e+03
dflash2,train,1,780,0.534,1.09e+03,2.05e+03
dflash2,train,1,790,0.520,1.06e+03,2.05e+03
dflash2,train,1,800,0.477,976.000,2.05e+03
dflash2,train,1,810,0.558,1.14e+03,2.05e+03
dflash2,train,1,820,0.560,1.14e+03,2.04e+03
dflash2,train,1,830,0.532,1.09e+03,2.05e+03
dflash2,train,1,840,0.513,1.05e+03,2.05e+03
dflash2,train,1,850,0.546,1.12e+03,2.05e+03
dflash2,train,1,860,0.549,1.12e+03,2.05e+03
dflash2,train,1,870,0.564,1.15e+03,2.05e+03
dflash2,train,1,880,0.590,1.21e+03,2.05e+03
dflash2,train,1,890,0.549,1.12e+03,2.05e+03
dflash2,train,1,900,0.531,1.09e+03,2.05e+03
dflash2,train,1,910,0.563,1.15e+03,2.04e+03
dflash2,train,1,920,0.547,1.12e+03,2.05e+03
dflash2,train,1,930,0.545,1.12e+03,2.05e+03
dflash2,train,1,940,0.526,1.08e+03,2.05e+03
dflash2,train,1,950,0.585,1.20e+03,2.05e+03
dflash2,train,1,960,0.612,1.25e+03,2.05e+03
dflash2,train,1,970,0.590,1.21e+03,2.05e+03
dflash2,train,1,980,0.602,1.07e+03,1.78e+03
dflash2,train,1,990,0.607,1.24e+03,2.04e+03
dflash2,train,1,1000,0.580,1.19e+03,2.05e+03
dflash2,train,1,1010,0.616,1.26e+03,2.05e+03
dflash2,train,1,1020,0.562,1.15e+03,2.05e+03
dflash2,train,1,1030,0.621,1.27e+03,2.05e+03
dflash2,train,1,1040,0.630,1.29e+03,2.05e+03
dflash2,train,1,1050,0.586,1.20e+03,2.05e+03
dflash2,train,1,1060,0.590,1.21e+03,2.05e+03
dflash2,train,1,1070,0.573,1.17e+03,2.05e+03
dflash2,train,1,1080,0.593,1.21e+03,2.05e+03
dflash2,train,1,1090,0.590,1.21e+03,2.05e+03
dflash2,train,1,1100,0.584,1.20e+03,2.04e+03
dflash2,train,1,1110,0.612,1.25e+03,2.05e+03
dflash2,train,1,1120,0.594,1.22e+03,2.05e+03
dflash2,train,1,1130,0.593,1.21e+03,2.04e+03
dflash2,train,1,1140,0.593,1.22e+03,2.05e+03
dflash2,train,1,1150,0.598,1.22e+03,2.05e+03
dflash2,train,1,1160,0.581,1.19e+03,2.05e+03
dflash2,train,1,1170,0.624,1.28e+03,2.05e+03
dflash2,train,1,1180,0.618,1.26e+03,2.05e+03
dflash2,train,1,1190,0.608,1.24e+03,2.05e+03
dflash2,train,1,1200,0.591,1.20e+03,2.03e+03
dflash2,train,1,1210,0.587,1.20e+03,2.04e+03
dflash2,train,1,1220,0.636,1.30e+03,2.05e+03
dflash2,train,1,1230,0.619,1.27e+03,2.05e+03
dflash2,train,1,1240,0.658,1.35e+03,2.05e+03
dflash2,train,1,1250,0.638,1.30e+03,2.05e+03
dflash2,train,1,1260,0.622,1.27e+03,2.04e+03
dflash2,train,1,1270,0.614,1.26e+03,2.05e+03
dflash2,train,1,1280,0.669,1.37e+03,2.05e+03
dflash2,train,1,1290,0.602,1.23e+03,2.04e+03
dflash2,train,1,1300,0.581,1.19e+03,2.04e+03
dflash2,train,1,1310,0.604,1.24e+03,2.05e+03
dflash2,train,1,1320,0.681,1.39e+03,2.05e+03
dflash2,train,1,1330,0.621,1.27e+03,2.04e+03
dflash2,train,1,1340,0.619,1.27e+03,2.05e+03
dflash2,train,1,1350,0.614,1.26e+03,2.05e+03
dflash2,train,1,1360,0.615,1.26e+03,2.05e+03
dflash2,train,1,1370,0.604,1.24e+03,2.05e+03
dflash2,train,1,1380,0.619,1.27e+03,2.05e+03
dflash2,train,1,1390,0.638,1.31e+03,2.05e+03
dflash2,train,1,1400,0.597,1.22e+03,2.05e+03
dflash2,train,1,1410,0.658,1.35e+03,2.05e+03
dflash2,val,1,471,0.457,4.86e+04,1.06e+05
dflash2,val,1,942,0.536,5.81e+04,1.08e+05
dflash2,val,1,1413,0.579,6.28e+04,1.08e+05
dflash2,train,2,0,0.00e+00,0.00e+00,2.05e+03
dflash2,train,2,10,0.00e+00,0.00e+00,2.05e+03
dflash2,train,2,20,0.00e+00,0.00e+00,2.04e+03
dflash2,train,2,30,0.003,7.000,2.05e+03
dflash2,train,2,40,0.017,34.000,2.04e+03
dflash2,train,2,50,0.030,61.000,2.05e+03
dflash2,train,2,60,0.043,87.000,2.04e+03
dflash2,train,2,70,0.054,111.000,2.05e+03
dflash2,train,2,80,0.073,150.000,2.05e+03
dflash2,train,2,90,0.081,165.000,2.04e+03
dflash2,train,2,100,0.056,114.000,2.04e+03
dflash2,train,2,110,0.091,186.000,2.04e+03
dflash2,train,2,120,0.071,145.000,2.04e+03
dflash2,train,2,130,0.093,191.000,2.05e+03
dflash2,train,2,140,0.094,193.000,2.05e+03
dflash2,train,2,150,0.105,215.000,2.05e+03
dflash2,train,2,160,0.134,274.000,2.04e+03
dflash2,train,2,170,0.100,205.000,2.05e+03
dflash2,train,2,180,0.099,203.000,2.05e+03
dflash2,train,2,190,0.116,237.000,2.05e+03
dflash2,train,2,200,0.132,270.000,2.04e+03
dflash2,train,2,210,0.132,269.000,2.04e+03
dflash2,train,2,220,0.112,228.000,2.04e+03
dflash2,train,2,230,0.142,290.000,2.05e+03
dflash2,train,2,240,0.135,276.000,2.04e+03
dflash2,train,2,250,0.143,293.000,2.04e+03
dflash2,train,2,260,0.153,312.000,2.04e+03
dflash2,train,2,270,0.165,338.000,2.04e+03
dflash2,train,2,280,0.158,324.000,2.05e+03
dflash2,train,2,290,0.135,277.000,2.05e+03
dflash2,train,2,300,0.169,345.000,2.05e+03
dflash2,train,2,310,0.135,277.000,2.04e+03
dflash2,train,2,320,0.126,257.000,2.04e+03
dflash2,train,2,330,0.160,328.000,2.05e+03
dflash2,train,2,340,0.147,301.000,2.04e+03
dflash2,train,2,350,0.188,385.000,2.05e+03
dflash2,train,2,360,0.181,370.000,2.04e+03
dflash2,train,2,370,0.147,300.000,2.04e+03
dflash2,train,2,380,0.152,310.000,2.05e+03
dflash2,train,2,390,0.166,340.000,2.04e+03
dflash2,train,2,400,0.197,403.000,2.05e+03
dflash2,train,2,410,0.203,415.000,2.05e+03
dflash2,train,2,420,0.162,331.000,2.05e+03
dflash2,train,2,430,0.224,459.000,2.05e+03
dflash2,train,2,440,0.199,407.000,2.04e+03
dflash2,train,2,450,0.206,422.000,2.05e+03
dflash2,train,2,460,0.201,411.000,2.04e+03
dflash2,train,2,470,0.189,387.000,2.05e+03
dflash2,train,2,480,0.194,397.000,2.04e+03
dflash2,train,2,490,0.211,431.000,2.04e+03
dflash2,train,2,500,0.213,436.000,2.04e+03
dflash2,train,2,510,0.159,325.000,2.04e+03
dflash2,train,2,520,0.214,437.000,2.04e+03
dflash2,train,2,530,0.198,406.000,2.05e+03
dflash2,train,2,540,0.209,426.000,2.04e+03
dflash2,train,2,550,0.212,433.000,2.05e+03
dflash2,train,2,560,0.191,392.000,2.05e+03
dflash2,train,2,570,0.195,399.000,2.05e+03
dflash2,train,2,580,0.212,434.000,2.04e+03
dflash2,train,2,590,0.218,447.000,2.05e+03
dflash2,train,2,600,0.231,473.000,2.04e+03
dflash2,train,2,610,0.232,475.000,2.05e+03
dflash2,train,2,620,0.249,510.000,2.04e+03
dflash2,train,2,630,0.205,419.000,2.05e+03
dflash2,train,2,640,0.214,437.000,2.04e+03
dflash2,train,2,650,0.189,386.000,2.05e+03
dflash2,train,2,660,0.236,483.000,2.05e+03
dflash2,train,2,670,0.227,464.000,2.04e+03
dflash2,train,2,680,0.198,404.000,2.04e+03
dflash2,train,2,690,0.254,519.000,2.04e+03
dflash2,train,2,700,0.217,444.000,2.05e+03
dflash2,train,2,710,0.236,483.000,2.04e+03
dflash2,train,2,720,0.214,437.000,2.04e+03
dflash2,train,2,730,0.276,564.000,2.04e+03
dflash2,train,2,740,0.240,492.000,2.05e+03
dflash2,train,2,750,0.224,459.000,2.05e+03
dflash2,train,2,760,0.243,497.000,2.05e+03
dflash2,train,2,770,0.207,424.000,2.05e+03
dflash2,train,2,780,0.252,517.000,2.05e+03
dflash2,train,2,790,0.243,497.000,2.05e+03
dflash2,train,2,800,0.188,384.000,2.05e+03
dflash2,train,2,810,0.276,565.000,2.05e+03
dflash2,train,2,820,0.254,518.000,2.04e+03
dflash2,train,2,830,0.246,504.000,2.05e+03
dflash2,train,2,840,0.222,455.000,2.05e+03
dflash2,train,2,850,0.274,561.000,2.05e+03
dflash2,train,2,860,0.249,508.000,2.04e+03
dflash2,train,2,870,0.295,603.000,2.04e+03
dflash2,train,2,880,0.307,628.000,2.05e+03
dflash2,train,2,890,0.273,558.000,2.04e+03
dflash2,train,2,900,0.243,498.000,2.05e+03
dflash2,train,2,910,0.297,607.000,2.04e+03
dflash2,train,2,920,0.268,548.000,2.05e+03
dflash2,train,2,930,0.260,532.000,2.05e+03
dflash2,train,2,940,0.247,505.000,2.05e+03
dflash2,train,2,950,0.289,591.000,2.04e+03
dflash2,train,2,960,0.320,656.000,2.05e+03
dflash2,train,2,970,0.304,621.000,2.05e+03
dflash2,train,2,980,0.331,589.000,1.78e+03
dflash2,train,2,990,0.341,696.000,2.04e+03
dflash2,train,2,1000,0.301,615.000,2.04e+03
dflash2,train,2,1010,0.328,672.000,2.05e+03
dflash2,train,2,1020,0.296,606.000,2.05e+03
dflash2,train,2,1030,0.340,696.000,2.05e+03
dflash2,train,2,1040,0.318,650.000,2.05e+03
dflash2,train,2,1050,0.293,599.000,2.05e+03
dflash2,train,2,1060,0.310,634.000,2.05e+03
dflash2,train,2,1070,0.277,568.000,2.05e+03
dflash2,train,2,1080,0.301,615.000,2.04e+03
dflash2,train,2,1090,0.315,645.000,2.05e+03
dflash2,train,2,1100,0.309,631.000,2.04e+03
dflash2,train,2,1110,0.343,701.000,2.04e+03
dflash2,train,2,1120,0.299,612.000,2.04e+03
dflash2,train,2,1130,0.294,601.000,2.04e+03
dflash2,train,2,1140,0.294,601.000,2.05e+03
dflash2,train,2,1150,0.321,658.000,2.05e+03
dflash2,train,2,1160,0.282,577.000,2.05e+03
dflash2,train,2,1170,0.331,677.000,2.04e+03
dflash2,train,2,1180,0.308,629.000,2.04e+03
dflash2,train,2,1190,0.294,601.000,2.04e+03
dflash2,train,2,1200,0.311,631.000,2.03e+03
dflash2,train,2,1210,0.290,592.000,2.04e+03
dflash2,train,2,1220,0.358,732.000,2.05e+03
dflash2,train,2,1230,0.338,691.000,2.04e+03
dflash2,train,2,1240,0.428,877.000,2.05e+03
dflash2,train,2,1250,0.368,753.000,2.04e+03
dflash2,train,2,1260,0.330,674.000,2.04e+03
dflash2,train,2,1270,0.346,707.000,2.04e+03
dflash2,train,2,1280,0.384,785.000,2.05e+03
dflash2,train,2,1290,0.319,652.000,2.04e+03
dflash2,train,2,1300,0.302,618.000,2.04e+03
dflash2,train,2,1310,0.311,635.000,2.04e+03
dflash2,train,2,1320,0.411,841.000,2.04e+03
dflash2,train,2,1330,0.337,689.000,2.04e+03
dflash2,train,2,1340,0.338,690.000,2.04e+03
dflash2,train,2,1350,0.337,691.000,2.05e+03
dflash2,train,2,1360,0.325,664.000,2.04e+03
dflash2,train,2,1370,0.311,636.000,2.05e+03
dflash2,train,2,1380,0.340,696.000,2.05e+03
dflash2,train,2,1390,0.353,722.000,2.05e+03
dflash2,train,2,1400,0.313,641.000,2.05e+03
dflash2,train,2,1410,0.367,750.000,2.05e+03
dflash2,val,2,471,0.188,2.00e+04,1.06e+05
dflash2,val,2,942,0.254,2.76e+04,1.08e+05
dflash2,val,2,1413,0.296,3.21e+04,1.08e+05
dflash2,train,3,0,0.00e+00,0.00e+00,2.04e+03
dflash2,train,3,10,0.00e+00,0.00e+00,2.04e+03
dflash2,train,3,20,0.00e+00,0.00e+00,2.04e+03
dflash2,train,3,30,0.00e+00,0.00e+00,2.05e+03
dflash2,train,3,40,0.001,3.000,2.04e+03
dflash2,train,3,50,0.005,11.000,2.04e+03
dflash2,train,3,60,0.012,24.000,2.04e+03
dflash2,train,3,70,0.014,29.000,2.04e+03
dflash2,train,3,80,0.019,38.000,2.04e+03
dflash2,train,3,90,0.033,68.000,2.04e+03
dflash2,train,3,100,0.020,40.000,2.04e+03
dflash2,train,3,110,0.035,72.000,2.04e+03
dflash2,train,3,120,0.028,58.000,2.04e+03
dflash2,train,3,130,0.040,81.000,2.05e+03
dflash2,train,3,140,0.032,66.000,2.04e+03
dflash2,train,3,150,0.042,86.000,2.05e+03
dflash2,train,3,160,0.061,124.000,2.04e+03
dflash2,train,3,170,0.040,81.000,2.05e+03
dflash2,train,3,180,0.040,81.000,2.04e+03
dflash2,train,3,190,0.043,88.000,2.04e+03
dflash2,train,3,200,0.056,115.000,2.04e+03
dflash2,train,3,210,0.045,91.000,2.04e+03
dflash2,train,3,220,0.045,92.000,2.04e+03
dflash2,train,3,230,0.049,101.000,2.04e+03
dflash2,train,3,240,0.051,105.000,2.04e+03
dflash2,train,3,250,0.051,105.000,2.04e+03
dflash2,train,3,260,0.071,145.000,2.04e+03
dflash2,train,3,270,0.071,145.000,2.04e+03
dflash2,train,3,280,0.068,140.000,2.05e+03
dflash2,train,3,290,0.058,118.000,2.05e+03
dflash2,train,3,300,0.083,169.000,2.05e+03
dflash2,train,3,310,0.052,107.000,2.04e+03
dflash2,train,3,320,0.056,114.000,2.04e+03
dflash2,train,3,330,0.074,152.000,2.05e+03
dflash2,train,3,340,0.057,117.000,2.04e+03
dflash2,train,3,350,0.077,157.000,2.04e+03
dflash2,train,3,360,0.088,179.000,2.04e+03
dflash2,train,3,370,0.055,112.000,2.04e+03
dflash2,train,3,380,0.064,130.000,2.04e+03
dflash2,train,3,390,0.072,148.000,2.04e+03
dflash2,train,3,400,0.093,191.000,2.04e+03
dflash2,train,3,410,0.092,188.000,2.05e+03
dflash2,train,3,420,0.065,132.000,2.05e+03
dflash2,train,3,430,0.104,213.000,2.04e+03
dflash2,train,3,440,0.091,186.000,2.04e+03
dflash2,train,3,450,0.096,197.000,2.05e+03
dflash2,train,3,460,0.087,178.000,2.04e+03
dflash2,train,3,470,0.074,152.000,2.05e+03
dflash2,train,3,480,0.073,150.000,2.04e+03
dflash2,train,3,490,0.106,216.000,2.04e+03
dflash2,train,3,500,0.083,170.000,2.04e+03
dflash2,train,3,510,0.062,127.000,2.04e+03
dflash2,train,3,520,0.096,197.000,2.04e+03
dflash2,train,3,530,0.088,180.000,2.04e+03
dflash2,train,3,540,0.096,197.000,2.04e+03
dflash2,train,3,550,0.102,209.000,2.04e+03
dflash2,train,3,560,0.082,168.000,2.04e+03
dflash2,train,3,570,0.083,169.000,2.05e+03
dflash2,train,3,580,0.105,214.000,2.04e+03
dflash2,train,3,590,0.103,210.000,2.04e+03
dflash2,train,3,600,0.098,201.000,2.04e+03
dflash2,train,3,610,0.098,201.000,2.04e+03
dflash2,train,3,620,0.130,265.000,2.04e+03
dflash2,train,3,630,0.102,209.000,2.05e+03
dflash2,train,3,640,0.097,198.000,2.04e+03
dflash2,train,3,650,0.074,151.000,2.04e+03
dflash2,train,3,660,0.113,231.000,2.04e+03
dflash2,train,3,670,0.090,183.000,2.04e+03
dflash2,train,3,680,0.088,179.000,2.04e+03
dflash2,train,3,690,0.119,243.000,2.04e+03
dflash2,train,3,700,0.090,185.000,2.05e+03
dflash2,train,3,710,0.108,221.000,2.04e+03
dflash2,train,3,720,0.091,186.000,2.04e+03
dflash2,train,3,730,0.138,282.000,2.04e+03
dflash2,train,3,740,0.110,224.000,2.04e+03
dflash2,train,3,750,0.107,218.000,2.05e+03
dflash2,train,3,760,0.109,224.000,2.05e+03
dflash2,train,3,770,0.087,177.000,2.05e+03
dflash2,train,3,780,0.107,219.000,2.05e+03
dflash2,train,3,790,0.114,232.000,2.04e+03
dflash2,train,3,800,0.076,156.000,2.04e+03
dflash2,train,3,810,0.132,270.000,2.05e+03
dflash2,train,3,820,0.121,247.000,2.04e+03
dflash2,train,3,830,0.121,247.000,2.04e+03
dflash2,train,3,840,0.100,205.000,2.05e+03
dflash2,train,3,850,0.151,308.000,2.04e+03
dflash2,train,3,860,0.101,206.000,2.04e+03
dflash2,train,3,870,0.152,310.000,2.04e+03
dflash2,train,3,880,0.174,355.000,2.04e+03
dflash2,train,3,890,0.143,292.000,2.04e+03
dflash2,train,3,900,0.114,233.000,2.05e+03
dflash2,train,3,910,0.133,272.000,2.04e+03
dflash2,train,3,920,0.127,260.000,2.05e+03
dflash2,train,3,930,0.119,243.000,2.05e+03
dflash2,train,3,940,0.117,240.000,2.04e+03
dflash2,train,3,950,0.139,284.000,2.04e+03
dflash2,train,3,960,0.165,337.000,2.04e+03
dflash2,train,3,970,0.143,293.000,2.04e+03
dflash2,train,3,980,0.177,315.000,1.78e+03
dflash2,train,3,990,0.183,373.000,2.04e+03
dflash2,train,3,1000,0.156,318.000,2.04e+03
dflash2,train,3,1010,0.169,346.000,2.04e+03
dflash2,train,3,1020,0.151,309.000,2.04e+03
dflash2,train,3,1030,0.183,375.000,2.05e+03
dflash2,train,3,1040,0.156,319.000,2.04e+03
dflash2,train,3,1050,0.149,305.000,2.04e+03
dflash2,train,3,1060,0.158,323.000,2.05e+03
dflash2,train,3,1070,0.137,280.000,2.04e+03
dflash2,train,3,1080,0.142,290.000,2.04e+03
dflash2,train,3,1090,0.145,297.000,2.05e+03
dflash2,train,3,1100,0.163,333.000,2.04e+03
dflash2,train,3,1110,0.183,375.000,2.04e+03
dflash2,train,3,1120,0.148,303.000,2.04e+03
dflash2,train,3,1130,0.155,317.000,2.04e+03
dflash2,train,3,1140,0.148,303.000,2.05e+03
dflash2,train,3,1150,0.162,331.000,2.04e+03
dflash2,train,3,1160,0.130,265.000,2.05e+03
dflash2,train,3,1170,0.180,368.000,2.04e+03
dflash2,train,3,1180,0.143,292.000,2.04e+03
dflash2,train,3,1190,0.142,290.000,2.04e+03
dflash2,train,3,1200,0.154,311.000,2.02e+03
dflash2,train,3,1210,0.136,277.000,2.04e+03
dflash2,train,3,1220,0.195,398.000,2.04e+03
dflash2,train,3,1230,0.186,380.000,2.04e+03
dflash2,train,3,1240,0.223,457.000,2.05e+03
dflash2,train,3,1250,0.195,399.000,2.04e+03
dflash2,train,3,1260,0.174,356.000,2.04e+03
dflash2,train,3,1270,0.188,384.000,2.04e+03
dflash2,train,3,1280,0.220,450.000,2.05e+03
dflash2,train,3,1290,0.169,345.000,2.04e+03
dflash2,train,3,1300,0.144,294.000,2.04e+03
dflash2,train,3,1310,0.169,345.000,2.04e+03
dflash2,train,3,1320,0.262,535.000,2.04e+03
dflash2,train,3,1330,0.188,385.000,2.04e+03
dflash2,train,3,1340,0.193,394.000,2.04e+03
dflash2,train,3,1350,0.183,374.000,2.05e+03
dflash2,train,3,1360,0.176,360.000,2.04e+03
dflash2,train,3,1370,0.154,314.000,2.04e+03
dflash2,train,3,1380,0.190,389.000,2.05e+03
dflash2,train,3,1390,0.186,381.000,2.05e+03
dflash2,train,3,1400,0.142,291.000,2.04e+03
dflash2,train,3,1410,0.199,408.000,2.05e+03
dflash2,val,3,471,0.081,8.61e+03,1.06e+05
dflash2,val,3,942,0.120,1.30e+04,1.08e+05
dflash2,val,3,1413,0.148,1.60e+04,1.08e+05
dspark,train,1,0,0.00e+00,0.00e+00,2.05e+03
dspark,train,1,10,0.033,68.000,2.05e+03
dspark,train,1,20,0.055,112.000,2.05e+03
dspark,train,1,30,0.088,181.000,2.05e+03
dspark,train,1,40,0.120,246.000,2.05e+03
dspark,train,1,50,0.132,271.000,2.05e+03
dspark,train,1,60,0.177,362.000,2.05e+03
dspark,train,1,70,0.190,388.000,2.05e+03
dspark,train,1,80,0.212,434.000,2.05e+03
dspark,train,1,90,0.241,493.000,2.05e+03
dspark,train,1,100,0.217,444.000,2.04e+03
dspark,train,1,110,0.261,534.000,2.05e+03
dspark,train,1,120,0.241,494.000,2.05e+03
dspark,train,1,130,0.312,639.000,2.05e+03
dspark,train,1,140,0.314,642.000,2.05e+03
dspark,train,1,150,0.316,647.000,2.05e+03
dspark,train,1,160,0.356,728.000,2.05e+03
dspark,train,1,170,0.344,704.000,2.05e+03
dspark,train,1,180,0.353,722.000,2.05e+03
dspark,train,1,190,0.358,733.000,2.05e+03
dspark,train,1,200,0.386,790.000,2.05e+03
dspark,train,1,210,0.388,794.000,2.05e+03
dspark,train,1,220,0.377,772.000,2.05e+03
dspark,train,1,230,0.415,850.000,2.05e+03
dspark,train,1,240,0.409,837.000,2.05e+03
dspark,train,1,250,0.433,887.000,2.05e+03
dspark,train,1,260,0.436,890.000,2.04e+03
dspark,train,1,270,0.429,877.000,2.05e+03
dspark,train,1,280,0.451,923.000,2.05e+03
dspark,train,1,290,0.431,883.000,2.05e+03
dspark,train,1,300,0.455,931.000,2.05e+03
dspark,train,1,310,0.431,882.000,2.04e+03
dspark,train,1,320,0.428,876.000,2.04e+03
dspark,train,1,330,0.426,873.000,2.05e+03
dspark,train,1,340,0.426,872.000,2.05e+03
dspark,train,1,350,0.494,1.01e+03,2.05e+03
dspark,train,1,360,0.456,934.000,2.05e+03
dspark,train,1,370,0.441,902.000,2.04e+03
dspark,train,1,380,0.436,892.000,2.05e+03
dspark,train,1,390,0.460,943.000,2.05e+03
dspark,train,1,400,0.482,987.000,2.05e+03
dspark,train,1,410,0.481,986.000,2.05e+03
dspark,train,1,420,0.464,950.000,2.05e+03
dspark,train,1,430,0.513,1.05e+03,2.05e+03
dspark,train,1,440,0.503,1.03e+03,2.04e+03
dspark,train,1,450,0.505,1.04e+03,2.05e+03
dspark,train,1,460,0.505,1.03e+03,2.05e+03
dspark,train,1,470,0.493,1.01e+03,2.05e+03
dspark,train,1,480,0.532,1.09e+03,2.05e+03
dspark,train,1,490,0.521,1.07e+03,2.05e+03
dspark,train,1,500,0.507,1.04e+03,2.05e+03
dspark,train,1,510,0.470,961.000,2.05e+03
dspark,train,1,520,0.514,1.05e+03,2.05e+03
dspark,train,1,530,0.497,1.02e+03,2.05e+03
dspark,train,1,540,0.531,1.09e+03,2.05e+03
dspark,train,1,550,0.538,1.10e+03,2.05e+03
dspark,train,1,560,0.514,1.05e+03,2.05e+03
dspark,train,1,570,0.515,1.06e+03,2.05e+03
dspark,train,1,580,0.549,1.12e+03,2.05e+03
dspark,train,1,590,0.540,1.11e+03,2.05e+03
dspark,train,1,600,0.548,1.12e+03,2.05e+03
dspark,train,1,610,0.546,1.12e+03,2.05e+03
dspark,train,1,620,0.532,1.09e+03,2.05e+03
dspark,train,1,630,0.520,1.06e+03,2.05e+03
dspark,train,1,640,0.533,1.09e+03,2.04e+03
dspark,train,1,650,0.514,1.05e+03,2.05e+03
dspark,train,1,660,0.554,1.13e+03,2.05e+03
dspark,train,1,670,0.547,1.12e+03,2.05e+03
dspark,train,1,680,0.521,1.07e+03,2.05e+03
dspark,train,1,690,0.565,1.16e+03,2.05e+03
dspark,train,1,700,0.539,1.10e+03,2.05e+03
dspark,train,1,710,0.560,1.14e+03,2.05e+03
dspark,train,1,720,0.554,1.13e+03,2.04e+03
dspark,train,1,730,0.599,1.23e+03,2.05e+03
dspark,train,1,740,0.555,1.14e+03,2.05e+03
dspark,train,1,750,0.552,1.13e+03,2.05e+03
dspark,train,1,760,0.579,1.18e+03,2.05e+03
dspark,train,1,770,0.539,1.10e+03,2.05e+03
dspark,train,1,780,0.566,1.16e+03,2.05e+03
dspark,train,1,790,0.557,1.14e+03,2.05e+03
dspark,train,1,800,0.522,1.07e+03,2.05e+03
dspark,train,1,810,0.589,1.21e+03,2.05e+03
dspark,train,1,820,0.598,1.22e+03,2.04e+03
dspark,train,1,830,0.574,1.18e+03,2.05e+03
dspark,train,1,840,0.545,1.12e+03,2.05e+03
dspark,train,1,850,0.583,1.19e+03,2.05e+03
dspark,train,1,860,0.579,1.18e+03,2.05e+03
dspark,train,1,870,0.598,1.22e+03,2.05e+03
dspark,train,1,880,0.605,1.24e+03,2.05e+03
dspark,train,1,890,0.604,1.24e+03,2.05e+03
dspark,train,1,900,0.567,1.16e+03,2.05e+03
dspark,train,1,910,0.603,1.23e+03,2.04e+03
dspark,train,1,920,0.581,1.19e+03,2.05e+03
dspark,train,1,930,0.601,1.23e+03,2.05e+03
dspark,train,1,940,0.567,1.16e+03,2.05e+03
dspark,train,1,950,0.615,1.26e+03,2.05e+03
dspark,train,1,960,0.636,1.30e+03,2.05e+03
dspark,train,1,970,0.620,1.27e+03,2.05e+03
dspark,train,1,980,0.621,1.11e+03,1.78e+03
dspark,train,1,990,0.637,1.30e+03,2.04e+03
dspark,train,1,1000,0.613,1.26e+03,2.05e+03
dspark,train,1,1010,0.661,1.35e+03,2.05e+03
dspark,train,1,1020,0.596,1.22e+03,2.05e+03
dspark,train,1,1030,0.642,1.31e+03,2.05e+03
dspark,train,1,1040,0.658,1.35e+03,2.05e+03
dspark,train,1,1050,0.615,1.26e+03,2.05e+03
dspark,train,1,1060,0.634,1.30e+03,2.05e+03
dspark,train,1,1070,0.611,1.25e+03,2.05e+03
dspark,train,1,1080,0.635,1.30e+03,2.05e+03
dspark,train,1,1090,0.619,1.27e+03,2.05e+03
dspark,train,1,1100,0.629,1.29e+03,2.04e+03
dspark,train,1,1110,0.639,1.31e+03,2.05e+03
dspark,train,1,1120,0.625,1.28e+03,2.05e+03
dspark,train,1,1130,0.640,1.31e+03,2.04e+03
dspark,train,1,1140,0.627,1.28e+03,2.05e+03
dspark,train,1,1150,0.646,1.32e+03,2.05e+03
dspark,train,1,1160,0.611,1.25e+03,2.05e+03
dspark,train,1,1170,0.651,1.33e+03,2.05e+03
dspark,train,1,1180,0.640,1.31e+03,2.05e+03
dspark,train,1,1190,0.625,1.28e+03,2.05e+03
dspark,train,1,1200,0.637,1.29e+03,2.03e+03
dspark,train,1,1210,0.627,1.28e+03,2.04e+03
dspark,train,1,1220,0.663,1.36e+03,2.05e+03
dspark,train,1,1230,0.645,1.32e+03,2.05e+03
dspark,train,1,1240,0.646,1.32e+03,2.05e+03
dspark,train,1,1250,0.669,1.37e+03,2.05e+03
dspark,train,1,1260,0.649,1.33e+03,2.04e+03
dspark,train,1,1270,0.655,1.34e+03,2.05e+03
dspark,train,1,1280,0.703,1.44e+03,2.05e+03
dspark,train,1,1290,0.650,1.33e+03,2.04e+03
dspark,train,1,1300,0.636,1.30e+03,2.04e+03
dspark,train,1,1310,0.647,1.32e+03,2.05e+03
dspark,train,1,1320,0.706,1.45e+03,2.05e+03
dspark,train,1,1330,0.651,1.33e+03,2.04e+03
dspark,train,1,1340,0.655,1.34e+03,2.05e+03
dspark,train,1,1350,0.657,1.34e+03,2.05e+03
dspark,train,1,1360,0.653,1.34e+03,2.05e+03
dspark,train,1,1370,0.631,1.29e+03,2.05e+03
dspark,train,1,1380,0.657,1.34e+03,2.05e+03
dspark,train,1,1390,0.654,1.34e+03,2.05e+03
dspark,train,1,1400,0.631,1.29e+03,2.05e+03
dspark,train,1,1410,0.689,1.41e+03,2.05e+03
dspark,val,1,471,0.490,5.21e+04,1.06e+05
dspark,val,1,942,0.573,6.22e+04,1.08e+05
dspark,val,1,1413,0.617,6.69e+04,1.08e+05
dspark,train,2,0,0.00e+00,0.00e+00,2.05e+03
dspark,train,2,10,0.00e+00,0.00e+00,2.05e+03
dspark,train,2,20,0.001,3.000,2.04e+03
dspark,train,2,30,0.009,18.000,2.05e+03
dspark,train,2,40,0.003,6.000,2.04e+03
dspark,train,2,50,0.006,12.000,2.05e+03
dspark,train,2,60,0.021,43.000,2.04e+03
dspark,train,2,70,0.024,50.000,2.05e+03
dspark,train,2,80,0.041,84.000,2.05e+03
dspark,train,2,90,0.055,113.000,2.04e+03
dspark,train,2,100,0.031,63.000,2.04e+03
dspark,train,2,110,0.066,134.000,2.04e+03
dspark,train,2,120,0.053,108.000,2.04e+03
dspark,train,2,130,0.085,174.000,2.05e+03
dspark,train,2,140,0.081,165.000,2.05e+03
dspark,train,2,150,0.092,189.000,2.05e+03
dspark,train,2,160,0.116,238.000,2.04e+03
dspark,train,2,170,0.105,215.000,2.05e+03
dspark,train,2,180,0.111,227.000,2.05e+03
dspark,train,2,190,0.117,240.000,2.05e+03
dspark,train,2,200,0.138,283.000,2.04e+03
dspark,train,2,210,0.133,271.000,2.04e+03
dspark,train,2,220,0.124,254.000,2.04e+03
dspark,train,2,230,0.156,319.000,2.05e+03
dspark,train,2,240,0.150,307.000,2.04e+03
dspark,train,2,250,0.160,328.000,2.04e+03
dspark,train,2,260,0.164,336.000,2.04e+03
dspark,train,2,270,0.172,351.000,2.04e+03
dspark,train,2,280,0.165,337.000,2.05e+03
dspark,train,2,290,0.164,335.000,2.05e+03
dspark,train,2,300,0.176,361.000,2.05e+03
dspark,train,2,310,0.166,340.000,2.04e+03
dspark,train,2,320,0.155,316.000,2.04e+03
dspark,train,2,330,0.173,353.000,2.05e+03
dspark,train,2,340,0.169,346.000,2.04e+03
dspark,train,2,350,0.208,426.000,2.05e+03
dspark,train,2,360,0.199,407.000,2.04e+03
dspark,train,2,370,0.167,341.000,2.04e+03
dspark,train,2,380,0.176,360.000,2.05e+03
dspark,train,2,390,0.199,407.000,2.04e+03
dspark,train,2,400,0.208,425.000,2.05e+03
dspark,train,2,410,0.216,442.000,2.05e+03
dspark,train,2,420,0.191,391.000,2.05e+03
dspark,train,2,430,0.258,527.000,2.05e+03
dspark,train,2,440,0.223,456.000,2.04e+03
dspark,train,2,450,0.238,488.000,2.05e+03
dspark,train,2,460,0.231,472.000,2.04e+03
dspark,train,2,470,0.207,423.000,2.05e+03
dspark,train,2,480,0.209,427.000,2.04e+03
dspark,train,2,490,0.235,480.000,2.04e+03
dspark,train,2,500,0.215,440.000,2.04e+03
dspark,train,2,510,0.190,388.000,2.04e+03
dspark,train,2,520,0.238,486.000,2.04e+03
dspark,train,2,530,0.224,459.000,2.05e+03
dspark,train,2,540,0.240,491.000,2.04e+03
dspark,train,2,550,0.248,507.000,2.05e+03
dspark,train,2,560,0.220,450.000,2.05e+03
dspark,train,2,570,0.221,453.000,2.05e+03
dspark,train,2,580,0.248,508.000,2.04e+03
dspark,train,2,590,0.254,520.000,2.05e+03
dspark,train,2,600,0.266,543.000,2.04e+03
dspark,train,2,610,0.236,482.000,2.05e+03
dspark,train,2,620,0.273,559.000,2.04e+03
dspark,train,2,630,0.235,481.000,2.05e+03
dspark,train,2,640,0.253,518.000,2.04e+03
dspark,train,2,650,0.209,428.000,2.05e+03
dspark,train,2,660,0.270,553.000,2.05e+03
dspark,train,2,670,0.260,532.000,2.04e+03
dspark,train,2,680,0.239,489.000,2.04e+03
dspark,train,2,690,0.294,601.000,2.04e+03
dspark,train,2,700,0.248,508.000,2.05e+03
dspark,train,2,710,0.263,538.000,2.04e+03
dspark,train,2,720,0.255,521.000,2.04e+03
dspark,train,2,730,0.306,625.000,2.04e+03
dspark,train,2,740,0.289,592.000,2.05e+03
dspark,train,2,750,0.268,549.000,2.05e+03
dspark,train,2,760,0.269,550.000,2.05e+03
dspark,train,2,770,0.252,515.000,2.05e+03
dspark,train,2,780,0.283,579.000,2.05e+03
dspark,train,2,790,0.272,557.000,2.05e+03
dspark,train,2,800,0.230,471.000,2.05e+03
dspark,train,2,810,0.304,623.000,2.05e+03
dspark,train,2,820,0.294,600.000,2.04e+03
dspark,train,2,830,0.283,580.000,2.05e+03
dspark,train,2,840,0.265,542.000,2.05e+03
dspark,train,2,850,0.321,657.000,2.05e+03
dspark,train,2,860,0.288,589.000,2.04e+03
dspark,train,2,870,0.329,672.000,2.04e+03
dspark,train,2,880,0.335,686.000,2.05e+03
dspark,train,2,890,0.322,659.000,2.04e+03
dspark,train,2,900,0.287,587.000,2.05e+03
dspark,train,2,910,0.321,656.000,2.04e+03
dspark,train,2,920,0.325,666.000,2.05e+03
dspark,train,2,930,0.319,653.000,2.05e+03
dspark,train,2,940,0.285,584.000,2.05e+03
dspark,train,2,950,0.327,668.000,2.04e+03
dspark,train,2,960,0.356,728.000,2.05e+03
dspark,train,2,970,0.347,710.000,2.05e+03
dspark,train,2,980,0.351,626.000,1.78e+03
dspark,train,2,990,0.368,752.000,2.04e+03
dspark,train,2,1000,0.337,689.000,2.04e+03
dspark,train,2,1010,0.383,783.000,2.05e+03
dspark,train,2,1020,0.306,627.000,2.05e+03
dspark,train,2,1030,0.369,755.000,2.05e+03
dspark,train,2,1040,0.367,751.000,2.05e+03
dspark,train,2,1050,0.343,703.000,2.05e+03
dspark,train,2,1060,0.345,705.000,2.05e+03
dspark,train,2,1070,0.314,642.000,2.05e+03
dspark,train,2,1080,0.356,728.000,2.04e+03
dspark,train,2,1090,0.328,671.000,2.05e+03
dspark,train,2,1100,0.342,699.000,2.04e+03
dspark,train,2,1110,0.385,786.000,2.04e+03
dspark,train,2,1120,0.332,678.000,2.04e+03
dspark,train,2,1130,0.341,696.000,2.04e+03
dspark,train,2,1140,0.342,699.000,2.05e+03
dspark,train,2,1150,0.365,747.000,2.05e+03
dspark,train,2,1160,0.314,643.000,2.05e+03
dspark,train,2,1170,0.364,745.000,2.04e+03
dspark,train,2,1180,0.350,716.000,2.04e+03
dspark,train,2,1190,0.333,680.000,2.04e+03
dspark,train,2,1200,0.357,723.000,2.03e+03
dspark,train,2,1210,0.335,684.000,2.04e+03
dspark,train,2,1220,0.387,791.000,2.05e+03
dspark,train,2,1230,0.373,762.000,2.04e+03
dspark,train,2,1240,0.312,638.000,2.05e+03
dspark,train,2,1250,0.409,836.000,2.04e+03
dspark,train,2,1260,0.357,730.000,2.04e+03
dspark,train,2,1270,0.371,759.000,2.04e+03
dspark,train,2,1280,0.440,900.000,2.05e+03
dspark,train,2,1290,0.370,755.000,2.04e+03
dspark,train,2,1300,0.347,709.000,2.04e+03
dspark,train,2,1310,0.359,734.000,2.04e+03
dspark,train,2,1320,0.446,912.000,2.04e+03
dspark,train,2,1330,0.371,759.000,2.04e+03
dspark,train,2,1340,0.372,759.000,2.04e+03
dspark,train,2,1350,0.394,807.000,2.05e+03
dspark,train,2,1360,0.370,757.000,2.04e+03
dspark,train,2,1370,0.347,710.000,2.05e+03
dspark,train,2,1380,0.378,773.000,2.05e+03
dspark,train,2,1390,0.377,772.000,2.05e+03
dspark,train,2,1400,0.344,705.000,2.05e+03
dspark,train,2,1410,0.406,831.000,2.05e+03
dspark,val,2,471,0.212,2.26e+04,1.06e+05
dspark,val,2,942,0.290,3.14e+04,1.08e+05
dspark,val,2,1413,0.335,3.63e+04,1.08e+05
dspark,train,3,0,0.00e+00,0.00e+00,2.04e+03
dspark,train,3,10,0.00e+00,0.00e+00,2.04e+03
dspark,train,3,20,0.00e+00,0.00e+00,2.04e+03
dspark,train,3,30,0.00e+00,0.00e+00,2.05e+03
dspark,train,3,40,0.00e+00,0.00e+00,2.04e+03
dspark,train,3,50,4.89e-04,1.000,2.04e+03
dspark,train,3,60,0.00e+00,0.00e+00,2.04e+03
dspark,train,3,70,0.00e+00,0.00e+00,2.04e+03
dspark,train,3,80,0.001,3.000,2.04e+03
dspark,train,3,90,0.012,24.000,2.04e+03
dspark,train,3,100,0.005,11.000,2.04e+03
dspark,train,3,110,0.014,28.000,2.04e+03
dspark,train,3,120,0.013,26.000,2.04e+03
dspark,train,3,130,0.026,54.000,2.05e+03
dspark,train,3,140,0.021,42.000,2.04e+03
dspark,train,3,150,0.027,55.000,2.05e+03
dspark,train,3,160,0.043,88.000,2.04e+03
dspark,train,3,170,0.032,65.000,2.05e+03
dspark,train,3,180,0.039,79.000,2.04e+03
dspark,train,3,190,0.034,70.000,2.04e+03
dspark,train,3,200,0.053,108.000,2.04e+03
dspark,train,3,210,0.042,85.000,2.04e+03
dspark,train,3,220,0.045,91.000,2.04e+03
dspark,train,3,230,0.054,111.000,2.04e+03
dspark,train,3,240,0.056,114.000,2.04e+03
dspark,train,3,250,0.061,125.000,2.04e+03
dspark,train,3,260,0.076,155.000,2.04e+03
dspark,train,3,270,0.071,145.000,2.04e+03
dspark,train,3,280,0.067,138.000,2.05e+03
dspark,train,3,290,0.065,134.000,2.05e+03
dspark,train,3,300,0.075,154.000,2.05e+03
dspark,train,3,310,0.063,128.000,2.04e+03
dspark,train,3,320,0.062,127.000,2.04e+03
dspark,train,3,330,0.079,161.000,2.05e+03
dspark,train,3,340,0.070,144.000,2.04e+03
dspark,train,3,350,0.089,183.000,2.04e+03
dspark,train,3,360,0.090,183.000,2.04e+03
dspark,train,3,370,0.059,120.000,2.04e+03
dspark,train,3,380,0.075,153.000,2.04e+03
dspark,train,3,390,0.096,197.000,2.04e+03
dspark,train,3,400,0.100,204.000,2.04e+03
dspark,train,3,410,0.110,226.000,2.05e+03
dspark,train,3,420,0.080,163.000,2.05e+03
dspark,train,3,430,0.125,256.000,2.04e+03
dspark,train,3,440,0.101,206.000,2.04e+03
dspark,train,3,450,0.105,214.000,2.05e+03
dspark,train,3,460,0.107,219.000,2.04e+03
dspark,train,3,470,0.078,159.000,2.05e+03
dspark,train,3,480,0.080,163.000,2.04e+03
dspark,train,3,490,0.116,236.000,2.04e+03
dspark,train,3,500,0.091,185.000,2.04e+03
dspark,train,3,510,0.072,147.000,2.04e+03
dspark,train,3,520,0.109,222.000,2.04e+03
dspark,train,3,530,0.103,210.000,2.04e+03
dspark,train,3,540,0.117,240.000,2.04e+03
dspark,train,3,550,0.112,230.000,2.04e+03
dspark,train,3,560,0.101,207.000,2.04e+03
dspark,train,3,570,0.103,211.000,2.05e+03
dspark,train,3,580,0.131,267.000,2.04e+03
dspark,train,3,590,0.121,247.000,2.04e+03
dspark,train,3,600,0.125,255.000,2.04e+03
dspark,train,3,610,0.109,223.000,2.04e+03
dspark,train,3,620,0.144,295.000,2.04e+03
dspark,train,3,630,0.116,237.000,2.05e+03
dspark,train,3,640,0.122,249.000,2.04e+03
dspark,train,3,650,0.090,183.000,2.04e+03
dspark,train,3,660,0.138,283.000,2.04e+03
dspark,train,3,670,0.112,229.000,2.04e+03
dspark,train,3,680,0.107,218.000,2.04e+03
dspark,train,3,690,0.146,298.000,2.04e+03
dspark,train,3,700,0.112,229.000,2.05e+03
dspark,train,3,710,0.116,237.000,2.04e+03
dspark,train,3,720,0.108,221.000,2.04e+03
dspark,train,3,730,0.157,321.000,2.04e+03
dspark,train,3,740,0.140,286.000,2.04e+03
dspark,train,3,750,0.131,269.000,2.05e+03
dspark,train,3,760,0.131,269.000,2.05e+03
dspark,train,3,770,0.108,220.000,2.05e+03
dspark,train,3,780,0.132,271.000,2.05e+03
dspark,train,3,790,0.138,282.000,2.04e+03
dspark,train,3,800,0.100,204.000,2.04e+03
dspark,train,3,810,0.155,317.000,2.05e+03
dspark,train,3,820,0.138,281.000,2.04e+03
dspark,train,3,830,0.149,305.000,2.04e+03
dspark,train,3,840,0.135,276.000,2.05e+03
dspark,train,3,850,0.176,360.000,2.04e+03
dspark,train,3,860,0.128,262.000,2.04e+03
dspark,train,3,870,0.180,367.000,2.04e+03
dspark,train,3,880,0.195,399.000,2.04e+03
dspark,train,3,890,0.174,355.000,2.04e+03
dspark,train,3,900,0.143,293.000,2.05e+03
dspark,train,3,910,0.168,342.000,2.04e+03
dspark,train,3,920,0.172,353.000,2.05e+03
dspark,train,3,930,0.166,339.000,2.05e+03
dspark,train,3,940,0.149,305.000,2.04e+03
dspark,train,3,950,0.172,351.000,2.04e+03
dspark,train,3,960,0.200,408.000,2.04e+03
dspark,train,3,970,0.181,370.000,2.04e+03
dspark,train,3,980,0.191,340.000,1.78e+03
dspark,train,3,990,0.196,401.000,2.04e+03
dspark,train,3,1000,0.181,369.000,2.04e+03
dspark,train,3,1010,0.209,427.000,2.04e+03
dspark,train,3,1020,0.173,353.000,2.04e+03
dspark,train,3,1030,0.209,427.000,2.05e+03
dspark,train,3,1040,0.201,412.000,2.04e+03
dspark,train,3,1050,0.185,378.000,2.04e+03
dspark,train,3,1060,0.183,375.000,2.05e+03
dspark,train,3,1070,0.157,322.000,2.04e+03
dspark,train,3,1080,0.192,392.000,2.04e+03
dspark,train,3,1090,0.166,339.000,2.05e+03
dspark,train,3,1100,0.182,372.000,2.04e+03
dspark,train,3,1110,0.221,451.000,2.04e+03
dspark,train,3,1120,0.172,351.000,2.04e+03
dspark,train,3,1130,0.186,379.000,2.04e+03
dspark,train,3,1140,0.182,373.000,2.05e+03
dspark,train,3,1150,0.203,415.000,2.04e+03
dspark,train,3,1160,0.152,312.000,2.05e+03
dspark,train,3,1170,0.203,415.000,2.04e+03
dspark,train,3,1180,0.176,360.000,2.04e+03
dspark,train,3,1190,0.167,342.000,2.04e+03
dspark,train,3,1200,0.179,363.000,2.02e+03
dspark,train,3,1210,0.167,340.000,2.04e+03
dspark,train,3,1220,0.222,453.000,2.04e+03
dspark,train,3,1230,0.210,430.000,2.04e+03
dspark,train,3,1240,0.146,298.000,2.05e+03
dspark,train,3,1250,0.229,468.000,2.04e+03
dspark,train,3,1260,0.192,393.000,2.04e+03
dspark,train,3,1270,0.210,430.000,2.04e+03
dspark,train,3,1280,0.271,554.000,2.05e+03
dspark,train,3,1290,0.199,407.000,2.04e+03
dspark,train,3,1300,0.183,373.000,2.04e+03
dspark,train,3,1310,0.194,396.000,2.04e+03
dspark,train,3,1320,0.283,578.000,2.04e+03
dspark,train,3,1330,0.217,443.000,2.04e+03
dspark,train,3,1340,0.219,447.000,2.04e+03
dspark,train,3,1350,0.218,446.000,2.05e+03
dspark,train,3,1360,0.218,445.000,2.04e+03
dspark,train,3,1370,0.190,388.000,2.04e+03
dspark,train,3,1380,0.203,416.000,2.05e+03
dspark,train,3,1390,0.204,417.000,2.05e+03
dspark,train,3,1400,0.161,329.000,2.04e+03
dspark,train,3,1410,0.227,465.000,2.05e+03
dspark,val,3,471,0.095,1.01e+04,1.06e+05
dspark,val,3,942,0.145,1.57e+04,1.08e+05
dspark,val,3,1413,0.177,1.92e+04,1.08e+05
